{"alpha": 0.21799078, "Network": "AARNET", "solve_time": 0.8772549089044333, "node_count": 19, "edge_count": 24}