{"alpha": 0.074195179, "Network": "Abilene", "solve_time": 0.2595720011740923, "node_count": 11, "edge_count": 14}