{"alpha": 0.16936752, "Network": "AboveNet", "solve_time": 1.1751982755959034, "node_count": 23, "edge_count": 31}