{"alpha": 0.26277305, "Network": "ACOnet", "solve_time": 1.7609823048114777, "node_count": 23, "edge_count": 31}