{"alpha": 0.50676389, "Network": "AGIS", "solve_time": 1.982832746580243, "node_count": 25, "edge_count": 30}