{"alpha": 0.077925227, "Network": "AI3", "solve_time": 0.17126589454710484, "node_count": 10, "edge_count": 9}