{"alpha": 0.14945238, "Network": "Airtel", "solve_time": 1.5391705594956875, "node_count": 16, "edge_count": 37}