{"alpha": 0.89106691, "Network": "AMRES", "solve_time": 1.3675705958157778, "node_count": 25, "edge_count": 24}