{"alpha": 0.29041129, "Network": "ANS", "solve_time": 0.9509632550179958, "node_count": 18, "edge_count": 25}