{"alpha": 0.42122678, "Network": "ARN", "solve_time": 1.80578126385808, "node_count": 30, "edge_count": 29}