{"alpha": 0.24448231, "Network": "ARNES", "solve_time": 2.909568104892969, "node_count": 34, "edge_count": 47}