{"alpha": 0.23575293, "Network": "ARPANET", "solve_time": 0.8154349662363529, "node_count": 18, "edge_count": 22}