{"alpha": 0.011450993, "Network": "ARPANET", "solve_time": 0.05400509387254715, "node_count": 4, "edge_count": 4}