{"alpha": 0.67515957, "Network": "ARPANET", "solve_time": 1.5148334484547377, "node_count": 25, "edge_count": 28}