{"alpha": 0.28019735, "Network": "ARPANET", "solve_time": 0.21989857405424118, "node_count": 9, "edge_count": 10}