{"alpha": 0.22942258, "Network": "ARPANET", "solve_time": 1.9096520002931356, "node_count": 29, "edge_count": 32}