{"alpha": 0.62307575, "Network": "ASNET-AM", "solve_time": 9.069723132997751, "node_count": 65, "edge_count": 79}