{"alpha": 0.12983578, "Network": "ATMnet", "solve_time": 1.4382767621427774, "node_count": 21, "edge_count": 22}