{"alpha": 0.31458679, "Network": "ATT North America", "solve_time": 2.2232352159917355, "node_count": 25, "edge_count": 57}