{"alpha": 0.4295486, "Network": "Azrena", "solve_time": 0.9648793451488018, "node_count": 22, "edge_count": 25}