{"alpha": 0.20766478, "Network": "Bandcon ", "solve_time": 1.375326618552208, "node_count": 22, "edge_count": 28}