{"alpha": 0.035882023, "Network": "BASNET", "solve_time": 0.1122453399002552, "node_count": 7, "edge_count": 6}