{"alpha": 0.2684877, "Network": "BBNplanet", "solve_time": 1.3526629507541656, "node_count": 27, "edge_count": 28}