{"alpha": 0.42203256, "Network": "Bell South ", "solve_time": 7.303435491397977, "node_count": 51, "edge_count": 66}