{"alpha": 0.54483804, "Network": "Bell Canada", "solve_time": 6.271163564175367, "node_count": 48, "edge_count": 65}