{"alpha": 0.24072323, "Network": "BELNET", "solve_time": 2.671065164729953, "node_count": 23, "edge_count": 44}