{"alpha": 0.15265746, "Network": "BELNET", "solve_time": 1.8374218922108412, "node_count": 21, "edge_count": 31}