{"alpha": 0.1774221, "Network": "BELNET", "solve_time": 1.8399829920381308, "node_count": 21, "edge_count": 31}