{"alpha": 0.21038891, "Network": "BELNET", "solve_time": 2.165882606059313, "node_count": 23, "edge_count": 44}