{"alpha": 0.53213833, "Network": "BELNET", "solve_time": 1.8887654542922974, "node_count": 21, "edge_count": 31}