{"alpha": 0.11415088, "Network": "BELNET", "solve_time": 1.967567477375269, "node_count": 23, "edge_count": 43}