{"alpha": 0.23034333, "Network": "BELNET", "solve_time": 1.8331913743168116, "node_count": 23, "edge_count": 43}