{"alpha": 0.22879577, "Network": "BELNET", "solve_time": 1.5940005499869585, "node_count": 22, "edge_count": 32}