{"alpha": 0.37989661, "Network": "BTN ", "solve_time": 7.872920624911785, "node_count": 53, "edge_count": 65}