{"alpha": 0.31195215, "Network": "BICS", "solve_time": 3.688717056065798, "node_count": 33, "edge_count": 48}