{"alpha": 0.61263886, "Network": "BizNetworks", "solve_time": 1.739521699026227, "node_count": 29, "edge_count": 33}