{"alpha": 0.54373454, "Network": "BREN", "solve_time": 3.2075709234923124, "node_count": 37, "edge_count": 38}