{"alpha": 0.39893908, "Network": "BSONetworkSolutions", "solve_time": 1.0267269294708967, "node_count": 18, "edge_count": 24}