{"alpha": 0.22856932, "Network": "BT Asia-Pacific", "solve_time": 0.9278297871351242, "node_count": 20, "edge_count": 31}