{"alpha": 0.25946996, "Network": "BT Europe", "solve_time": 1.7100640125572681, "node_count": 24, "edge_count": 37}