{"alpha": 0.70602788, "Network": "BT Latin America", "solve_time": 4.308796605095267, "node_count": 51, "edge_count": 50}