{"alpha": 0.46020093, "Network": "BT North America", "solve_time": 6.786868419498205, "node_count": 36, "edge_count": 76}