{"alpha": 0.41959902, "Network": "Canerie", "solve_time": 2.584696624428034, "node_count": 32, "edge_count": 41}