{"alpha": 0.6300863, "Network": "Carnet", "solve_time": 4.384865485131741, "node_count": 44, "edge_count": 43}