{"alpha": 0.2265966, "Network": "Cernet", "solve_time": 4.850962165743113, "node_count": 41, "edge_count": 59}