{"alpha": 0.46453477, "Network": "CESNET", "solve_time": 4.585935488343239, "node_count": 44, "edge_count": 51}