{"alpha": 0.48780864, "Network": "CESNET", "solve_time": 4.147601468488574, "node_count": 39, "edge_count": 44}