{"alpha": 0.17318454, "Network": "CESNET", "solve_time": 0.26252088136970997, "node_count": 10, "edge_count": 9}