{"alpha": 0.1583648, "Network": "CESNET", "solve_time": 1.018738303333521, "node_count": 23, "edge_count": 23}