{"alpha": 0.15072888, "Network": "CESNET", "solve_time": 1.2415843941271305, "node_count": 13, "edge_count": 12}