{"alpha": 0.68302856, "Network": "CESNET", "solve_time": 3.2331543043255806, "node_count": 39, "edge_count": 44}