{"alpha": 0.56735185, "Network": "CESNET", "solve_time": 6.898528167977929, "node_count": 52, "edge_count": 63}