{"alpha": 0.24501987, "Network": "CESNET", "solve_time": 0.28735161758959293, "node_count": 13, "edge_count": 12}