{"alpha": 0.30062152, "Network": "CESNET", "solve_time": 1.7063102796673775, "node_count": 29, "edge_count": 33}