{"alpha": 0.24536985, "Network": "China Telecom ", "solve_time": 4.937139987945557, "node_count": 42, "edge_count": 66}