{"alpha": 0.30199417, "Network": "Claranet", "solve_time": 0.5363832488656044, "node_count": 15, "edge_count": 18}