{"alpha": 1.9094434, "Network": "Cogent ", "solve_time": 283.4308615308255, "node_count": 197, "edge_count": 245}