{"alpha": 2.2683668, "Network": "Colt Telecom ", "solve_time": 79.83330639824271, "node_count": 153, "edge_count": 191}