{"alpha": 1.0857067, "Network": "Columbus Networks", "solve_time": 18.989159680902958, "node_count": 70, "edge_count": 85}