{"alpha": 0.23268326, "Network": "Compuserve", "solve_time": 0.5713520310819149, "node_count": 14, "edge_count": 17}