{"alpha": 0.3582518, "Network": "CRL", "solve_time": 2.5114062037318945, "node_count": 33, "edge_count": 38}