{"alpha": 0.49943754, "Network": "CUDI", "solve_time": 4.92143989354372, "node_count": 51, "edge_count": 52}