{"alpha": 0.65673026, "Network": "CWIX", "solve_time": 3.581285309046507, "node_count": 36, "edge_count": 41}