{"alpha": 0.56706288, "Network": "Cynet", "solve_time": 1.673941444605589, "node_count": 30, "edge_count": 29}