{"alpha": 0.44881553, "Network": "Darkstrand ", "solve_time": 1.4583777748048306, "node_count": 28, "edge_count": 31}