{"alpha": 0.079126162, "Network": "DataXchange", "solve_time": 0.18819867260754108, "node_count": 6, "edge_count": 11}