{"alpha": 1.4454504, "Network": "ITC Deltacom ", "solve_time": 75.12432131916285, "node_count": 113, "edge_count": 183}