{"alpha": 0.47863507, "Network": "Deutsche Telekom ", "solve_time": 5.259841190651059, "node_count": 39, "edge_count": 62}