{"alpha": 0.57619681, "Network": "DFN", "solve_time": 10.606572797521949, "node_count": 58, "edge_count": 87}