{"alpha": 5.2146182, "Network": "Dial Telecom ", "solve_time": 165.73694340139627, "node_count": 193, "edge_count": 151}