{"alpha": 0.34194474, "Network": "DIGEX", "solve_time": 2.5246421191841364, "node_count": 31, "edge_count": 38}