{"alpha": 0.1657439, "Network": "EasyNet ", "solve_time": 0.943019449710846, "node_count": 19, "edge_count": 29}