{"alpha": 0.262906, "Network": "EEnet", "solve_time": 0.66177973523736, "node_count": 13, "edge_count": 16}