{"alpha": 0.34305573, "Network": "Electric Lightwave", "solve_time": 1.426403447985649, "node_count": 20, "edge_count": 30}