{"alpha": 0.03508367, "Network": "Epoch", "solve_time": 0.09633847884833813, "node_count": 6, "edge_count": 7}