{"alpha": 0.89653205, "Network": "ERNET", "solve_time": 2.398412197828293, "node_count": 30, "edge_count": 32}