{"alpha": 0.78960812, "Network": "ESnet", "solve_time": 11.743016438558698, "node_count": 68, "edge_count": 92}