{"alpha": 0.082260077, "Network": "euNetworks ", "solve_time": 0.57565838098526, "node_count": 15, "edge_count": 19}