{"alpha": 0.46876866, "Network": "EvoLink", "solve_time": 2.6747359298169613, "node_count": 37, "edge_count": 45}