{"alpha": 0.18326747, "Network": "FatMan", "solve_time": 0.7125013079494238, "node_count": 17, "edge_count": 21}