{"alpha": 0.27954586, "Network": "FCCN", "solve_time": 1.4468696750700474, "node_count": 23, "edge_count": 27}