{"alpha": 0.48656938, "Network": "FORTHNET", "solve_time": 7.806644331663847, "node_count": 62, "edge_count": 62}