{"alpha": 0.35578566, "Network": "FUNET", "solve_time": 2.228068497031927, "node_count": 26, "edge_count": 31}