{"alpha": 0.41595573, "Network": "Gambia", "solve_time": 1.710533194243908, "node_count": 28, "edge_count": 28}