{"alpha": 0.77046487, "Network": "GARR", "solve_time": 12.291915221139789, "node_count": 59, "edge_count": 83}