{"alpha": 0.82092616, "Network": "GARR", "solve_time": 9.121630365028977, "node_count": 56, "edge_count": 75}