{"alpha": 0.48915667, "Network": "GARR", "solve_time": 6.8459348771721125, "node_count": 55, "edge_count": 72}