{"alpha": 0.43892885, "Network": "GARR", "solve_time": 7.590986976400018, "node_count": 54, "edge_count": 68}