{"alpha": 0.72719207, "Network": "GARR", "solve_time": 10.046687027439475, "node_count": 55, "edge_count": 74}