{"alpha": 0.16856297, "Network": "GARR", "solve_time": 0.6367468293756247, "node_count": 16, "edge_count": 18}