{"alpha": 0.47514059, "Network": "GARR", "solve_time": 9.793295118957758, "node_count": 59, "edge_count": 85}