{"alpha": 0.21501625, "Network": "GARR", "solve_time": 0.7851518765091896, "node_count": 23, "edge_count": 25}