{"alpha": 0.45491645, "Network": "GARR", "solve_time": 8.874721109867096, "node_count": 56, "edge_count": 75}