{"alpha": 0.11360963, "Network": "GARR", "solve_time": 1.1571050640195608, "node_count": 22, "edge_count": 24}