{"alpha": 0.68012904, "Network": "GARR", "solve_time": 7.417775737121701, "node_count": 56, "edge_count": 76}