{"alpha": 0.67591207, "Network": "GARR", "solve_time": 8.952810684219003, "node_count": 57, "edge_count": 77}