{"alpha": 0.49922902, "Network": "GARR", "solve_time": 10.881393440067768, "node_count": 59, "edge_count": 86}