{"alpha": 0.59703613, "Network": "GARR", "solve_time": 12.805758060887456, "node_count": 61, "edge_count": 89}