{"alpha": 0.20174147, "Network": "GARR", "solve_time": 0.9204838462173939, "node_count": 23, "edge_count": 25}