{"alpha": 0.21584966, "Network": "GARR", "solve_time": 1.7673217840492725, "node_count": 27, "edge_count": 29}