{"alpha": 0.23517601, "Network": "GARR", "solve_time": 1.163516478613019, "node_count": 24, "edge_count": 26}