{"alpha": 0.39793585, "Network": "GARR", "solve_time": 9.344973025843501, "node_count": 61, "edge_count": 89}