{"alpha": 0.71956344, "Network": "GARR", "solve_time": 10.17468891106546, "node_count": 59, "edge_count": 84}