{"alpha": 0.6713033, "Network": "GARR", "solve_time": 8.290441265329719, "node_count": 54, "edge_count": 71}