{"alpha": 0.85983749, "Network": "GARR", "solve_time": 7.8858793787658215, "node_count": 55, "edge_count": 69}