{"alpha": 0.41502096, "Network": "GARR", "solve_time": 8.436624377965927, "node_count": 54, "edge_count": 68}