{"alpha": 0.60519955, "Network": "GARR", "solve_time": 10.869014544412494, "node_count": 58, "edge_count": 81}