{"alpha": 0.35121242, "Network": "GARR", "solve_time": 6.122212579473853, "node_count": 54, "edge_count": 68}