{"alpha": 0.32694702, "Network": "GARR", "solve_time": 6.717087239027023, "node_count": 54, "edge_count": 71}