{"alpha": 0.58622381, "Network": "GARR", "solve_time": 10.372057741507888, "node_count": 59, "edge_count": 85}