{"alpha": 0.76814099, "Network": "GARR", "solve_time": 10.684883303940296, "node_count": 60, "edge_count": 87}