{"alpha": 0.64508515, "Network": "GARR", "solve_time": 7.467782076448202, "node_count": 54, "edge_count": 71}