{"alpha": 0.37992087, "Network": "GARR", "solve_time": 7.412284608930349, "node_count": 55, "edge_count": 74}