{"alpha": 0.28201195, "Network": "GARR", "solve_time": 1.1501478850841522, "node_count": 22, "edge_count": 24}