{"alpha": 0.46485626, "Network": "GARR", "solve_time": 11.458862531930208, "node_count": 59, "edge_count": 87}