{"alpha": 0.08910097, "Network": "GlobalNetRu", "solve_time": 0.13236222229897976, "node_count": 8, "edge_count": 7}