{"alpha": 0.4274258, "Network": "GEANT", "solve_time": 4.049855276942253, "node_count": 34, "edge_count": 52}