{"alpha": 0.33986264, "Network": "GEANT", "solve_time": 4.095646768808365, "node_count": 37, "edge_count": 58}