{"alpha": 0.3551613, "Network": "GEANT", "solve_time": 2.2080567218363285, "node_count": 27, "edge_count": 38}