{"alpha": 0.51606956, "Network": "GEANT", "solve_time": 4.224367307499051, "node_count": 40, "edge_count": 61}