{"alpha": 0.031485686, "Network": "GetNet", "solve_time": 0.12049095891416073, "node_count": 7, "edge_count": 8}