{"alpha": 0.073633454, "Network": "GlobalCenter", "solve_time": 0.832041634246707, "node_count": 9, "edge_count": 36}