{"alpha": 0.55019071, "Network": "GlobeNet", "solve_time": 21.23003689199686, "node_count": 67, "edge_count": 113}