{"alpha": 0.27154816, "Network": "GoodNet", "solve_time": 1.0973460730165243, "node_count": 17, "edge_count": 31}