{"alpha": 0.16704299, "Network": "GRENA", "solve_time": 1.2927633486688137, "node_count": 16, "edge_count": 15}