{"alpha": 0.15186048, "Network": "GridNet", "solve_time": 0.46081035025417805, "node_count": 9, "edge_count": 20}