{"alpha": 0.53367347, "Network": "GRnet", "solve_time": 3.232874406501651, "node_count": 37, "edge_count": 47}