{"alpha": 1.5715699, "Network": "GTS CE", "solve_time": 117.78372697159648, "node_count": 149, "edge_count": 193}