{"alpha": 0.51388436, "Network": "GTS Czech Republic", "solve_time": 2.3584306202828884, "node_count": 32, "edge_count": 33}