{"alpha": 0.32761742, "Network": "GTS Hungary", "solve_time": 2.3939834479242563, "node_count": 30, "edge_count": 31}