{"alpha": 0.47726606, "Network": "GTS Poland", "solve_time": 2.322005223482847, "node_count": 33, "edge_count": 37}