{"alpha": 0.18681639, "Network": "GTS Romania", "solve_time": 1.436774268746376, "node_count": 21, "edge_count": 24}