{"alpha": 0.40438731, "Network": "GTS Slovakia", "solve_time": 2.5994525142014027, "node_count": 35, "edge_count": 37}