{"alpha": 0.21970182, "Network": "HARNET", "solve_time": 1.0157934315502644, "node_count": 21, "edge_count": 25}