{"alpha": 0.092018146, "Network": "Heanet", "solve_time": 0.18867752328515053, "node_count": 7, "edge_count": 13}