{"alpha": 0.39314077, "Network": "Hibernia Atlantic (US)", "solve_time": 1.057942369952798, "node_count": 22, "edge_count": 29}