{"alpha": 0.60157481, "Network": "Hibernia Atlantic ", "solve_time": 11.38348862528801, "node_count": 55, "edge_count": 81}