{"alpha": 0.19800255, "Network": "Hibernia Atlantic (UK)", "solve_time": 0.5026961769908667, "node_count": 15, "edge_count": 15}