{"alpha": 0.33601371, "Network": "Hibernia Atlantic (Canada)", "solve_time": 0.33310744166374207, "node_count": 13, "edge_count": 14}