{"alpha": 0.10879821, "Network": "Highwinds", "solve_time": 1.7231529001146555, "node_count": 18, "edge_count": 53}