{"alpha": 0.29054944, "Network": "Hostway International", "solve_time": 0.783366134390235, "node_count": 16, "edge_count": 21}