{"alpha": 0.24266549, "Network": "Hurricane Electric ", "solve_time": 2.1497986018657684, "node_count": 24, "edge_count": 37}