{"alpha": 0.27078675, "Network": "IBM", "solve_time": 0.7464423775672913, "node_count": 18, "edge_count": 24}