{"alpha": 0.26785606, "Network": "IIJ", "solve_time": 4.6647569090127945, "node_count": 37, "edge_count": 66}