{"alpha": 0.3220064, "Network": "IINET ", "solve_time": 2.6346177253872156, "node_count": 31, "edge_count": 35}