{"alpha": 0.37622358, "Network": "ILAN", "solve_time": 0.820122841745615, "node_count": 14, "edge_count": 15}