{"alpha": 0.15606377, "Network": "InternetMCI", "solve_time": 1.285701410844922, "node_count": 19, "edge_count": 45}