{"alpha": 0.78543901, "Network": "Internode", "solve_time": 10.216400610283017, "node_count": 66, "edge_count": 78}