{"alpha": 1.0089879, "Network": "Interroute ", "solve_time": 60.72067662142217, "node_count": 110, "edge_count": 158}