{"alpha": 0.33073201, "Network": "Integra Telecom ", "solve_time": 2.1304527688771486, "node_count": 27, "edge_count": 36}