{"alpha": 1.5178906, "Network": "Intellifiber", "solve_time": 20.34539113380015, "node_count": 73, "edge_count": 97}