{"alpha": 0.67095103, "Network": "ValleyNet", "solve_time": 5.663424516096711, "node_count": 39, "edge_count": 53}