{"alpha": 2.4285251, "Network": "ION", "solve_time": 90.17961062304676, "node_count": 125, "edge_count": 150}