{"alpha": 0.46246708, "Network": "INS IXC Services ", "solve_time": 2.9943006318062544, "node_count": 33, "edge_count": 41}