{"alpha": 1.1036837, "Network": "IRIS Networks ", "solve_time": 8.53650296293199, "node_count": 51, "edge_count": 64}