{"alpha": 0.42381823, "Network": "iSTAR", "solve_time": 0.8466241676360369, "node_count": 23, "edge_count": 23}