{"alpha": 0.10866857, "Network": "Itnet", "solve_time": 1.4866812229156494, "node_count": 11, "edge_count": 10}