{"alpha": 0.20681095, "Network": "Janet External", "solve_time": 0.2852997239679098, "node_count": 12, "edge_count": 10}