{"alpha": 0.46332804, "Network": "Janet Backbone", "solve_time": 3.149125648662448, "node_count": 29, "edge_count": 45}