{"alpha": 0.20761793, "Network": "Janet Lense", "solve_time": 1.187796700745821, "node_count": 20, "edge_count": 40}