{"alpha": 0.36040783, "Network": "JGN2plus-Japan", "solve_time": 0.8124569095671177, "node_count": 18, "edge_count": 17}