{"alpha": 0.34804457, "Network": "KAREN", "solve_time": 2.030351070687175, "node_count": 25, "edge_count": 30}