{"alpha": 0.26582951, "Network": "KentMan", "solve_time": 0.6567306183278561, "node_count": 16, "edge_count": 17}