{"alpha": 0.59661987, "Network": "KentMan", "solve_time": 3.5426832623779774, "node_count": 38, "edge_count": 39}