{"alpha": 0.26039124, "Network": "KentMan", "solve_time": 1.178993172943592, "node_count": 26, "edge_count": 28}