{"alpha": 0.20169579, "Network": "KentMan", "solve_time": 1.0082705300301313, "node_count": 23, "edge_count": 24}