{"alpha": 0.41812118, "Network": "KentMan", "solve_time": 2.158793319016695, "node_count": 28, "edge_count": 29}