{"alpha": 0.26148976, "Network": "KREONET", "solve_time": 0.37874341383576393, "node_count": 13, "edge_count": 12}