{"alpha": 0.42079262, "Network": "Lambdanet ", "solve_time": 4.241070177406073, "node_count": 42, "edge_count": 46}