{"alpha": 0.57836589, "Network": "LATNET", "solve_time": 9.777173180133104, "node_count": 69, "edge_count": 74}