{"alpha": 0.051861521, "Network": "Layer42", "solve_time": 0.10189336352050304, "node_count": 6, "edge_count": 7}