{"alpha": 0.37424382, "Network": "LITNET", "solve_time": 2.9944403041154146, "node_count": 43, "edge_count": 43}