{"alpha": 0.16765313, "Network": "MARNET", "solve_time": 1.1404274236410856, "node_count": 20, "edge_count": 27}