{"alpha": 0.49123849, "Network": "MARWAN", "solve_time": 0.634147085249424, "node_count": 16, "edge_count": 18}