{"alpha": 0.20011892, "Network": "MREN", "solve_time": 0.11472662165760994, "node_count": 6, "edge_count": 5}