{"alpha": 0.27895123, "Network": "Myren", "solve_time": 2.6045215371996164, "node_count": 37, "edge_count": 40}