{"alpha": 0.068520006, "Network": "NapNet", "solve_time": 0.12431638687849045, "node_count": 6, "edge_count": 7}