{"alpha": 0.17030727, "Network": "Navigata ", "solve_time": 0.46678020618855953, "node_count": 13, "edge_count": 17}