{"alpha": 0.41893765, "Network": "Netrail", "solve_time": 0.25120052695274353, "node_count": 7, "edge_count": 10}