{"alpha": 0.42312362, "Network": "Network USA ", "solve_time": 2.546655623242259, "node_count": 35, "edge_count": 39}