{"alpha": 0.20504214, "Network": "Nextgen ", "solve_time": 0.8625857904553413, "node_count": 17, "edge_count": 20}