{"alpha": 0.28726412, "Network": "NIIF", "solve_time": 2.9439216814935207, "node_count": 36, "edge_count": 41}