{"alpha": 0.24398721, "Network": "Noel Communications ", "solve_time": 0.9923009276390076, "node_count": 19, "edge_count": 25}