{"alpha": 0.077006484, "Network": "NORDU", "solve_time": 0.5077268574386835, "node_count": 18, "edge_count": 17}