{"alpha": 0.13085274, "Network": "NORDU", "solve_time": 0.3432892505079508, "node_count": 14, "edge_count": 13}