{"alpha": 0.032357144, "Network": "NORDU", "solve_time": 0.15986122004687786, "node_count": 7, "edge_count": 6}