{"alpha": 0.16320195, "Network": "NORDU", "solve_time": 0.24374323710799217, "node_count": 9, "edge_count": 10}