{"alpha": 0.12896388, "Network": "NSFCNET", "solve_time": 1.6224373895674944, "node_count": 10, "edge_count": 10}