{"alpha": 0.09588822, "Network": "NSF", "solve_time": 1.122784812003374, "node_count": 13, "edge_count": 15}