{"alpha": 0.77893261, "Network": "NTELOS ", "solve_time": 7.549319539219141, "node_count": 48, "edge_count": 61}