{"alpha": 0.42380018, "Network": "NTT", "solve_time": 41.14180173911154, "node_count": 47, "edge_count": 216}