{"alpha": 1.3525252, "Network": "OTEGlobe ", "solve_time": 18.970753697678447, "node_count": 93, "edge_count": 106}