{"alpha": 0.13088498, "Network": "Oxford", "solve_time": 1.0628909654915333, "node_count": 20, "edge_count": 26}