{"alpha": 0.203828, "Network": "Pacific-Wave", "solve_time": 1.0592128578573465, "node_count": 18, "edge_count": 27}