{"alpha": 0.27404907, "Network": "Packet Exchange", "solve_time": 0.9586992356926203, "node_count": 21, "edge_count": 27}