{"alpha": 0.14387416, "Network": "PADI2", "solve_time": 0.21409317664802074, "node_count": 15, "edge_count": 6}