{"alpha": 0.62901099, "Network": "PalmettoNet ", "solve_time": 5.550252307206392, "node_count": 45, "edge_count": 70}