{"alpha": 0.10918305, "Network": "peer1", "solve_time": 0.5837088432163, "node_count": 16, "edge_count": 20}