{"alpha": 2.1207938, "Network": "PERN", "solve_time": 30.956395115703344, "node_count": 127, "edge_count": 129}