{"alpha": 0.53528428, "Network": "PIONIER", "solve_time": 3.1738798040896654, "node_count": 36, "edge_count": 41}