{"alpha": 0.22513341, "Network": "PIONIER", "solve_time": 4.038808833807707, "node_count": 38, "edge_count": 52}