{"alpha": 0.26031661, "Network": "PsiNet", "solve_time": 1.238150803372264, "node_count": 24, "edge_count": 25}