{"alpha": 0.26825771, "Network": "Quest ", "solve_time": 1.4137294590473175, "node_count": 20, "edge_count": 31}