{"alpha": 1.2451085, "Network": "Bestel ", "solve_time": 27.399875301867723, "node_count": 84, "edge_count": 101}