{"alpha": 0.17598336, "Network": "RedIris", "solve_time": 1.2150463201105595, "node_count": 19, "edge_count": 32}