{"alpha": 0.058025213, "Network": "Renam", "solve_time": 0.05552069842815399, "node_count": 5, "edge_count": 4}