{"alpha": 0.38738598, "Network": "Renater", "solve_time": 2.0014860965311527, "node_count": 30, "edge_count": 36}