{"alpha": 0.2789756, "Network": "Renater", "solve_time": 1.282796824350953, "node_count": 24, "edge_count": 23}