{"alpha": 0.43710286, "Network": "Renater", "solve_time": 4.7530235424637794, "node_count": 43, "edge_count": 56}