{"alpha": 0.36288597, "Network": "Renater", "solve_time": 3.589217549189925, "node_count": 33, "edge_count": 43}