{"alpha": 0.30601618, "Network": "Renater", "solve_time": 3.1935852505266666, "node_count": 33, "edge_count": 43}