{"alpha": 0.26350841, "Network": "Renater", "solve_time": 1.6001626569777727, "node_count": 24, "edge_count": 27}