{"alpha": 0.27242563, "Network": "Restena", "solve_time": 0.7531068082898855, "node_count": 19, "edge_count": 21}