{"alpha": 0.70346034, "Network": "Reuna", "solve_time": 2.8158744778484106, "node_count": 37, "edge_count": 36}