{"alpha": 0.14672868, "Network": "RHnet", "solve_time": 0.4936281219124794, "node_count": 16, "edge_count": 18}