{"alpha": 0.23251233, "Network": "RNP", "solve_time": 2.3863481152802706, "node_count": 31, "edge_count": 34}