{"alpha": 0.3668713, "Network": "RoEduNet", "solve_time": 4.674611959606409, "node_count": 42, "edge_count": 50}