{"alpha": 0.57559863, "Network": "RoEduNet", "solve_time": 5.237974094226956, "node_count": 48, "edge_count": 52}