{"alpha": 0.45377883, "Network": "Sago", "solve_time": 0.5592866837978363, "node_count": 18, "edge_count": 17}