{"alpha": 0.72534179, "Network": "SANET", "solve_time": 4.013479461893439, "node_count": 43, "edge_count": 45}