{"alpha": 0.12695631, "Network": "Sanren", "solve_time": 0.1171010322868824, "node_count": 7, "edge_count": 7}