{"alpha": 0.28173116, "Network": "Savvis", "solve_time": 0.9653603006154299, "node_count": 19, "edge_count": 20}