{"alpha": 0.21772835, "Network": "Shentel ", "solve_time": 2.0698659736663103, "node_count": 28, "edge_count": 35}