{"alpha": 0.97973967, "Network": "Sinet", "solve_time": 10.323442678898573, "node_count": 74, "edge_count": 76}