{"alpha": 0.14569984, "Network": "Singaren", "solve_time": 0.21801829151809216, "node_count": 11, "edge_count": 10}