{"alpha": 0.27995607, "Network": "SpiraLight", "solve_time": 0.675054270774126, "node_count": 15, "edge_count": 16}