{"alpha": 0.082518748, "Network": "Sprint", "solve_time": 0.5549730118364096, "node_count": 11, "edge_count": 18}