{"alpha": 0.34836611, "Network": "OPTOSUNET", "solve_time": 3.487953370437026, "node_count": 26, "edge_count": 49}