{"alpha": 0.35023979, "Network": "SURFNET", "solve_time": 8.390414919704199, "node_count": 50, "edge_count": 73}