{"alpha": 1.0562566, "Network": "SWITCH", "solve_time": 16.855381287634373, "node_count": 74, "edge_count": 92}