{"alpha": 0.47204985, "Network": "SWITCH", "solve_time": 6.309133984148502, "node_count": 42, "edge_count": 63}