{"alpha": 1.3891182, "Network": "Syringa Networks", "solve_time": 14.507868636399508, "node_count": 74, "edge_count": 74}