{"alpha": 2.2049347, "Network": "TATA", "solve_time": 145.88325309567153, "node_count": 145, "edge_count": 194}