{"alpha": 2.1992563, "Network": "Tecove (level3)", "solve_time": 10.70031381957233, "node_count": 73, "edge_count": 70}