{"alpha": 0.040285599, "Network": "TelecomSerbia", "solve_time": 0.13938074558973312, "node_count": 6, "edge_count": 6}