{"alpha": 0.45921275, "Network": "Tinet", "solve_time": 12.530174013227224, "node_count": 53, "edge_count": 89}