{"alpha": 0.26028986, "Network": "T-lex", "solve_time": 0.4914454109966755, "node_count": 12, "edge_count": 16}