{"alpha": 0.8515371, "Network": "TW Telecom", "solve_time": 23.70787833072245, "node_count": 76, "edge_count": 118}