{"alpha": 0.42622008, "Network": "TWAREN", "solve_time": 0.852179441601038, "node_count": 20, "edge_count": 20}