{"alpha": 0.63623625, "Network": "ULAKNET", "solve_time": 12.768814718350768, "node_count": 82, "edge_count": 82}