{"alpha": 0.4517894, "Network": "Uni-C", "solve_time": 1.6375546678900719, "node_count": 25, "edge_count": 29}