{"alpha": 0.63832296, "Network": "Uninett", "solve_time": 17.556265810504556, "node_count": 74, "edge_count": 101}