{"alpha": 0.17024761, "Network": "UniNet", "solve_time": 0.3661173637956381, "node_count": 13, "edge_count": 25}