{"alpha": 0.50244574, "Network": "Uninett", "solve_time": 17.30873722024262, "node_count": 69, "edge_count": 98}