{"alpha": 0.62997903, "Network": "URAN", "solve_time": 1.4830751102417707, "node_count": 24, "edge_count": 24}