{"alpha": 1.8951665, "Network": "US Carrier", "solve_time": 133.41123500466347, "node_count": 158, "edge_count": 189}