{"alpha": 1.0134052, "Network": "US Signal", "solve_time": 14.27756641432643, "node_count": 63, "edge_count": 79}