{"alpha": 0.53710507, "Network": "UUNET", "solve_time": 11.028471492230892, "node_count": 49, "edge_count": 84}