{"alpha": 0.29488843, "Network": "VinaREN", "solve_time": 1.2140148729085922, "node_count": 25, "edge_count": 26}