{"alpha": 0.25333476, "Network": "Vision Net", "solve_time": 1.023958008736372, "node_count": 24, "edge_count": 23}