{"alpha": 1.3934892, "Network": "Viatel", "solve_time": 36.44411481358111, "node_count": 92, "edge_count": 96}