{"alpha": 1.3231773, "Network": "Viatel", "solve_time": 41.34945998340845, "node_count": 88, "edge_count": 92}