{"alpha": 0.23610494, "Network": "WIDE", "solve_time": 1.6878405846655369, "node_count": 30, "edge_count": 33}