{"alpha": 0.19010557, "Network": "Xeex", "solve_time": 1.3367571830749512, "node_count": 24, "edge_count": 34}