{"alpha": 0.6107533, "Network": "Xspedius", "solve_time": 4.140632970258594, "node_count": 34, "edge_count": 49}