{"alpha": 0.42232222, "Network": "YorkDataServices", "solve_time": 1.2101487703621387, "node_count": 23, "edge_count": 24}