{"alpha": 0.51861111, "Network": "Zamren", "solve_time": 2.1253767423331738, "node_count": 36, "edge_count": 34}