{"alpha": 0.23425977, "Network": "AARNET", "solve_time": 1.9191207885742188, "node_count": 19, "edge_count": 24}