{"alpha": 0.076595319, "Network": "Abilene", "solve_time": 0.622055109590292, "node_count": 11, "edge_count": 14}