{"alpha": 0.18106328, "Network": "AboveNet", "solve_time": 3.438609529286623, "node_count": 23, "edge_count": 31}