{"alpha": 0.2744159, "Network": "ACOnet", "solve_time": 2.7954509370028973, "node_count": 23, "edge_count": 31}