{"alpha": 0.5065227, "Network": "AGIS", "solve_time": 2.9877848029136658, "node_count": 25, "edge_count": 30}