{"alpha": 0.07898358, "Network": "AI3", "solve_time": 0.3541671074926853, "node_count": 10, "edge_count": 9}