{"alpha": 0.15093203, "Network": "Airtel", "solve_time": 2.210776600986719, "node_count": 16, "edge_count": 37}