{"alpha": 0.85102945, "Network": "AMRES", "solve_time": 2.612766394391656, "node_count": 25, "edge_count": 24}