{"alpha": 0.305315, "Network": "ANS", "solve_time": 2.141351046040654, "node_count": 18, "edge_count": 25}