{"alpha": 0.42962179, "Network": "ARN", "solve_time": 3.3858805429190397, "node_count": 30, "edge_count": 29}