{"alpha": 0.25481338, "Network": "ARNES", "solve_time": 6.9990983456373215, "node_count": 34, "edge_count": 47}