{"alpha": 0.24709572, "Network": "ARPANET", "solve_time": 1.66343879327178, "node_count": 18, "edge_count": 22}