{"alpha": 0.29699242, "Network": "ARPANET", "solve_time": 0.43233417347073555, "node_count": 9, "edge_count": 10}