{"alpha": 0.012064241, "Network": "ARPANET", "solve_time": 0.08365055546164513, "node_count": 4, "edge_count": 4}