{"alpha": 0.67306907, "Network": "ARPANET", "solve_time": 3.0217774510383606, "node_count": 25, "edge_count": 28}