{"alpha": 0.24076669, "Network": "ARPANET", "solve_time": 4.692873807623982, "node_count": 29, "edge_count": 32}