{"alpha": 0.61861079, "Network": "ASNET-AM", "solve_time": 20.736061541363597, "node_count": 65, "edge_count": 79}