{"alpha": 0.13560714, "Network": "ATMnet", "solve_time": 2.4817475397139788, "node_count": 21, "edge_count": 22}