{"alpha": 0.3311828, "Network": "ATT North America", "solve_time": 6.084422869607806, "node_count": 25, "edge_count": 57}