{"alpha": 0.44468084, "Network": "Azrena", "solve_time": 2.175065003335476, "node_count": 22, "edge_count": 25}