{"alpha": 0.21654525, "Network": "Bandcon ", "solve_time": 2.644296320155263, "node_count": 22, "edge_count": 28}