{"alpha": 0.037296, "Network": "BASNET", "solve_time": 0.20198093727231026, "node_count": 7, "edge_count": 6}