{"alpha": 0.28252991, "Network": "BBNplanet", "solve_time": 3.1090270448476076, "node_count": 27, "edge_count": 28}