{"alpha": 0.4311634, "Network": "Bell South ", "solve_time": 14.323207763954997, "node_count": 51, "edge_count": 66}