{"alpha": 0.55085473, "Network": "Bell Canada", "solve_time": 15.688633719459176, "node_count": 48, "edge_count": 65}