{"alpha": 0.23594555, "Network": "BELNET", "solve_time": 3.5355628579854965, "node_count": 22, "edge_count": 32}