{"alpha": 0.21430645, "Network": "BELNET", "solve_time": 4.121228391304612, "node_count": 23, "edge_count": 44}