{"alpha": 0.15804853, "Network": "BELNET", "solve_time": 2.9448754377663136, "node_count": 21, "edge_count": 31}