{"alpha": 0.18576994, "Network": "BELNET", "solve_time": 2.8824792578816414, "node_count": 21, "edge_count": 31}