{"alpha": 0.53952888, "Network": "BELNET", "solve_time": 3.255923517048359, "node_count": 21, "edge_count": 31}