{"alpha": 0.24432911, "Network": "BELNET", "solve_time": 4.341575408354402, "node_count": 23, "edge_count": 44}