{"alpha": 0.11554862, "Network": "BELNET", "solve_time": 3.6550593730062246, "node_count": 23, "edge_count": 43}