{"alpha": 0.24381042, "Network": "BELNET", "solve_time": 4.146928269416094, "node_count": 23, "edge_count": 43}