{"alpha": 0.39370232, "Network": "BTN ", "solve_time": 14.902501611039042, "node_count": 53, "edge_count": 65}