{"alpha": 0.32169714, "Network": "BICS", "solve_time": 7.00127930007875, "node_count": 33, "edge_count": 48}