{"alpha": 0.61197026, "Network": "BizNetworks", "solve_time": 4.456836748868227, "node_count": 29, "edge_count": 33}