{"alpha": 0.5467238, "Network": "BREN", "solve_time": 5.60932557284832, "node_count": 37, "edge_count": 38}