{"alpha": 0.41348132, "Network": "BSONetworkSolutions", "solve_time": 1.8287373706698418, "node_count": 18, "edge_count": 24}