{"alpha": 0.23461349, "Network": "BT Asia-Pacific", "solve_time": 2.38174232468009, "node_count": 20, "edge_count": 31}