{"alpha": 0.2688454, "Network": "BT Europe", "solve_time": 3.7504711467772722, "node_count": 24, "edge_count": 37}