{"alpha": 0.71140358, "Network": "BT Latin America", "solve_time": 9.98959806188941, "node_count": 51, "edge_count": 50}