{"alpha": 0.47070138, "Network": "BT North America", "solve_time": 13.086482115089893, "node_count": 36, "edge_count": 76}