{"alpha": 0.42937371, "Network": "Canerie", "solve_time": 5.496026340872049, "node_count": 32, "edge_count": 41}