{"alpha": 0.63171681, "Network": "Carnet", "solve_time": 6.925823025405407, "node_count": 44, "edge_count": 43}