{"alpha": 0.2406953, "Network": "Cernet", "solve_time": 9.386385360732675, "node_count": 41, "edge_count": 59}