{"alpha": 0.25521717, "Network": "CESNET", "solve_time": 0.5849822014570236, "node_count": 13, "edge_count": 12}