{"alpha": 0.4751862, "Network": "CESNET", "solve_time": 8.874370003119111, "node_count": 44, "edge_count": 51}