{"alpha": 0.68363729, "Network": "CESNET", "solve_time": 6.83085192553699, "node_count": 39, "edge_count": 44}