{"alpha": 0.57248317, "Network": "CESNET", "solve_time": 13.545229585841298, "node_count": 52, "edge_count": 63}