{"alpha": 0.49516855, "Network": "CESNET", "solve_time": 6.656254647299647, "node_count": 39, "edge_count": 44}