{"alpha": 0.31309356, "Network": "CESNET", "solve_time": 3.668873652815819, "node_count": 29, "edge_count": 33}