{"alpha": 0.16382757, "Network": "CESNET", "solve_time": 0.7412488758563995, "node_count": 13, "edge_count": 12}