{"alpha": 0.18807503, "Network": "CESNET", "solve_time": 0.3895766269415617, "node_count": 10, "edge_count": 9}