{"alpha": 0.16460389, "Network": "CESNET", "solve_time": 2.3343314919620752, "node_count": 23, "edge_count": 23}