{"alpha": 0.25382647, "Network": "China Telecom ", "solve_time": 12.985044244676828, "node_count": 42, "edge_count": 66}