{"alpha": 0.31008463, "Network": "Claranet", "solve_time": 1.0846087485551834, "node_count": 15, "edge_count": 18}