{"alpha": 1.5913188, "Network": "Cogent ", "solve_time": 714.391148859635, "node_count": 197, "edge_count": 245}