{"alpha": 1.8249759, "Network": "Colt Telecom ", "solve_time": 223.93403696082532, "node_count": 153, "edge_count": 191}