{"alpha": 1.0125839, "Network": "Columbus Networks", "solve_time": 45.18927327170968, "node_count": 70, "edge_count": 85}