{"alpha": 0.24661207, "Network": "Compuserve", "solve_time": 1.063085075467825, "node_count": 14, "edge_count": 17}