{"alpha": 0.36485621, "Network": "CRL", "solve_time": 5.802906170487404, "node_count": 33, "edge_count": 38}