{"alpha": 0.51559985, "Network": "CUDI", "solve_time": 10.688393903896213, "node_count": 51, "edge_count": 52}