{"alpha": 0.6519866, "Network": "CWIX", "solve_time": 6.304001018404961, "node_count": 36, "edge_count": 41}