{"alpha": 0.57356873, "Network": "Cynet", "solve_time": 3.2232671584933996, "node_count": 30, "edge_count": 29}