{"alpha": 0.46141377, "Network": "Darkstrand ", "solve_time": 4.027339290827513, "node_count": 28, "edge_count": 31}