{"alpha": 0.083834504, "Network": "DataXchange", "solve_time": 0.29784797318279743, "node_count": 6, "edge_count": 11}