{"alpha": 1.2873198, "Network": "ITC Deltacom ", "solve_time": 210.40959651768208, "node_count": 113, "edge_count": 183}