{"alpha": 0.48444566, "Network": "Deutsche Telekom ", "solve_time": 9.510792002081871, "node_count": 39, "edge_count": 62}