{"alpha": 0.57921061, "Network": "DFN", "solve_time": 28.64518559537828, "node_count": 58, "edge_count": 87}