{"alpha": 3.1863173, "Network": "Dial Telecom ", "solve_time": 453.2072631139308, "node_count": 193, "edge_count": 151}