{"alpha": 0.34895873, "Network": "DIGEX", "solve_time": 5.575957704335451, "node_count": 31, "edge_count": 38}