{"alpha": 0.17244863, "Network": "EasyNet ", "solve_time": 2.1409769915044308, "node_count": 19, "edge_count": 29}