{"alpha": 0.28573924, "Network": "EEnet", "solve_time": 0.8069959823042154, "node_count": 13, "edge_count": 16}