{"alpha": 0.35356984, "Network": "Electric Lightwave", "solve_time": 2.5808490104973316, "node_count": 20, "edge_count": 30}