{"alpha": 0.036503841, "Network": "Epoch", "solve_time": 0.2132909633219242, "node_count": 6, "edge_count": 7}