{"alpha": 0.87406372, "Network": "ERNET", "solve_time": 3.453556114807725, "node_count": 30, "edge_count": 32}