{"alpha": 0.76654768, "Network": "ESnet", "solve_time": 27.16273064725101, "node_count": 68, "edge_count": 92}