{"alpha": 0.086481696, "Network": "euNetworks ", "solve_time": 1.1890756636857986, "node_count": 15, "edge_count": 19}