{"alpha": 0.49096418, "Network": "EvoLink", "solve_time": 6.818066408857703, "node_count": 37, "edge_count": 45}