{"alpha": 0.20003281, "Network": "FatMan", "solve_time": 1.4467592630535364, "node_count": 17, "edge_count": 21}