{"alpha": 0.28736263, "Network": "FCCN", "solve_time": 2.5998108107596636, "node_count": 23, "edge_count": 27}