{"alpha": 0.49923745, "Network": "FORTHNET", "solve_time": 15.754926774650812, "node_count": 62, "edge_count": 62}