{"alpha": 0.37620534, "Network": "FUNET", "solve_time": 3.5108189061284065, "node_count": 26, "edge_count": 31}