{"alpha": 0.43148164, "Network": "Gambia", "solve_time": 2.851569725200534, "node_count": 28, "edge_count": 28}