{"alpha": 0.71675468, "Network": "GARR", "solve_time": 18.20754580758512, "node_count": 55, "edge_count": 74}