{"alpha": 0.48519349, "Network": "GARR", "solve_time": 20.871265914291143, "node_count": 59, "edge_count": 85}