{"alpha": 0.82861956, "Network": "GARR", "solve_time": 16.20181092992425, "node_count": 55, "edge_count": 69}