{"alpha": 0.65669473, "Network": "GARR", "solve_time": 17.090120151638985, "node_count": 54, "edge_count": 71}