{"alpha": 0.11934422, "Network": "GARR", "solve_time": 2.01351579464972, "node_count": 22, "edge_count": 24}