{"alpha": 0.50518274, "Network": "GARR", "solve_time": 20.767816953361034, "node_count": 59, "edge_count": 86}