{"alpha": 0.42230473, "Network": "GARR", "solve_time": 16.3567831274122, "node_count": 54, "edge_count": 68}