{"alpha": 0.50055853, "Network": "GARR", "solve_time": 16.73123624548316, "node_count": 55, "edge_count": 72}