{"alpha": 0.17955517, "Network": "GARR", "solve_time": 1.0325269903987646, "node_count": 16, "edge_count": 18}