{"alpha": 0.47262194, "Network": "GARR", "solve_time": 21.62794667109847, "node_count": 59, "edge_count": 87}