{"alpha": 0.64432263, "Network": "GARR", "solve_time": 16.009053306654096, "node_count": 54, "edge_count": 71}