{"alpha": 0.74920432, "Network": "GARR", "solve_time": 20.404390405863523, "node_count": 59, "edge_count": 83}