{"alpha": 0.2430631, "Network": "GARR", "solve_time": 2.2395823933184147, "node_count": 24, "edge_count": 26}