{"alpha": 0.44955807, "Network": "GARR", "solve_time": 15.400123331695795, "node_count": 54, "edge_count": 68}