{"alpha": 0.60126873, "Network": "GARR", "solve_time": 19.186319682747126, "node_count": 58, "edge_count": 81}