{"alpha": 0.29878116, "Network": "GARR", "solve_time": 2.161349467933178, "node_count": 22, "edge_count": 24}