{"alpha": 0.2233336, "Network": "GARR", "solve_time": 2.0622618664056063, "node_count": 23, "edge_count": 25}