{"alpha": 0.80382757, "Network": "GARR", "solve_time": 18.616646014153957, "node_count": 56, "edge_count": 75}