{"alpha": 0.41125137, "Network": "GARR", "solve_time": 21.952206756919622, "node_count": 61, "edge_count": 89}