{"alpha": 0.22487079, "Network": "GARR", "solve_time": 2.935914007946849, "node_count": 27, "edge_count": 29}