{"alpha": 0.74796059, "Network": "GARR", "solve_time": 22.78376902267337, "node_count": 60, "edge_count": 87}