{"alpha": 0.70630508, "Network": "GARR", "solve_time": 21.0742217451334, "node_count": 59, "edge_count": 84}