{"alpha": 0.34034563, "Network": "GARR", "solve_time": 16.343739798292518, "node_count": 54, "edge_count": 71}