{"alpha": 0.59326008, "Network": "GARR", "solve_time": 23.669625233858824, "node_count": 61, "edge_count": 89}