{"alpha": 0.66595238, "Network": "GARR", "solve_time": 18.144827852025628, "node_count": 57, "edge_count": 77}