{"alpha": 0.21020752, "Network": "GARR", "solve_time": 2.3821965772658587, "node_count": 23, "edge_count": 25}