{"alpha": 0.67445279, "Network": "GARR", "solve_time": 17.83103981986642, "node_count": 56, "edge_count": 76}