{"alpha": 0.45648349, "Network": "GARR", "solve_time": 18.67091886140406, "node_count": 56, "edge_count": 75}