{"alpha": 0.36005818, "Network": "GARR", "solve_time": 14.936991823837161, "node_count": 54, "edge_count": 68}