{"alpha": 0.58161226, "Network": "GARR", "solve_time": 20.09681747108698, "node_count": 59, "edge_count": 85}