{"alpha": 0.39233961, "Network": "GARR", "solve_time": 17.94078776985407, "node_count": 55, "edge_count": 74}