{"alpha": 0.08888, "Network": "GlobalNetRu", "solve_time": 0.25570195727050304, "node_count": 8, "edge_count": 7}