{"alpha": 0.35589561, "Network": "GEANT", "solve_time": 10.076821807771921, "node_count": 37, "edge_count": 58}