{"alpha": 0.5194255, "Network": "GEANT", "solve_time": 11.366783482953906, "node_count": 40, "edge_count": 61}