{"alpha": 0.43177123, "Network": "GEANT", "solve_time": 7.953331332653761, "node_count": 34, "edge_count": 52}