{"alpha": 0.37283274, "Network": "GEANT", "solve_time": 4.2484852727502584, "node_count": 27, "edge_count": 38}