{"alpha": 0.034588704, "Network": "GetNet", "solve_time": 0.28907378017902374, "node_count": 7, "edge_count": 8}