{"alpha": 0.55793901, "Network": "GlobeNet", "solve_time": 50.63653672486544, "node_count": 67, "edge_count": 113}