{"alpha": 0.077057706, "Network": "GlobalCenter", "solve_time": 1.244668211787939, "node_count": 9, "edge_count": 36}