{"alpha": 0.27762135, "Network": "GoodNet", "solve_time": 2.1011898070573807, "node_count": 17, "edge_count": 31}