{"alpha": 0.1792828, "Network": "GRENA", "solve_time": 1.051840577274561, "node_count": 16, "edge_count": 15}