{"alpha": 0.15892784, "Network": "GridNet", "solve_time": 0.7619596365839243, "node_count": 9, "edge_count": 20}