{"alpha": 0.54106857, "Network": "GRnet", "solve_time": 6.857282808050513, "node_count": 37, "edge_count": 47}