{"alpha": 1.3811359, "Network": "GTS CE", "solve_time": 314.309205474332, "node_count": 149, "edge_count": 193}