{"alpha": 0.51780625, "Network": "GTS Czech Republic", "solve_time": 4.374979492276907, "node_count": 32, "edge_count": 33}