{"alpha": 0.34390586, "Network": "GTS Hungary", "solve_time": 3.8469830844551325, "node_count": 30, "edge_count": 31}