{"alpha": 0.4901898, "Network": "GTS Poland", "solve_time": 5.479502379894257, "node_count": 33, "edge_count": 37}