{"alpha": 0.20329685, "Network": "GTS Romania", "solve_time": 2.148255469277501, "node_count": 21, "edge_count": 24}