{"alpha": 0.41834964, "Network": "GTS Slovakia", "solve_time": 5.018051782622933, "node_count": 35, "edge_count": 37}