{"alpha": 0.23188493, "Network": "HARNET", "solve_time": 2.0896063465625048, "node_count": 21, "edge_count": 25}