{"alpha": 0.096279729, "Network": "Heanet", "solve_time": 0.36442201025784016, "node_count": 7, "edge_count": 13}