{"alpha": 0.40314883, "Network": "Hibernia Atlantic (US)", "solve_time": 2.687493860721588, "node_count": 22, "edge_count": 29}