{"alpha": 0.6055784, "Network": "Hibernia Atlantic ", "solve_time": 24.34199339337647, "node_count": 55, "edge_count": 81}