{"alpha": 0.21025988, "Network": "Hibernia Atlantic (UK)", "solve_time": 0.9229531232267618, "node_count": 15, "edge_count": 15}