{"alpha": 0.1187468, "Network": "Highwinds", "solve_time": 4.644449396058917, "node_count": 18, "edge_count": 53}