{"alpha": 0.30254267, "Network": "Hostway International", "solve_time": 1.439807066693902, "node_count": 16, "edge_count": 21}