{"alpha": 0.25416501, "Network": "Hurricane Electric ", "solve_time": 3.84868317656219, "node_count": 24, "edge_count": 37}