{"alpha": 0.27811317, "Network": "IBM", "solve_time": 1.8586659897118807, "node_count": 18, "edge_count": 24}