{"alpha": 0.28378787, "Network": "IIJ", "solve_time": 10.951644035056233, "node_count": 37, "edge_count": 66}