{"alpha": 0.3347712, "Network": "IINET ", "solve_time": 4.015577966347337, "node_count": 31, "edge_count": 35}