{"alpha": 0.38463587, "Network": "ILAN", "solve_time": 0.8827987853437662, "node_count": 14, "edge_count": 15}