{"alpha": 0.95893778, "Network": "Interroute ", "solve_time": 175.11279285512865, "node_count": 110, "edge_count": 158}