{"alpha": 0.33982011, "Network": "Integra Telecom ", "solve_time": 4.124218072742224, "node_count": 27, "edge_count": 36}