{"alpha": 0.75997305, "Network": "Internode", "solve_time": 20.90255792438984, "node_count": 66, "edge_count": 78}