{"alpha": 0.16336236, "Network": "InternetMCI", "solve_time": 3.8752931989729404, "node_count": 19, "edge_count": 45}