{"alpha": 1.3407037, "Network": "Intellifiber", "solve_time": 44.26613976620138, "node_count": 73, "edge_count": 97}