{"alpha": 0.66473045, "Network": "ValleyNet", "solve_time": 9.132026264443994, "node_count": 39, "edge_count": 53}