{"alpha": 1.9385559, "Network": "ION", "solve_time": 223.67449069023132, "node_count": 125, "edge_count": 150}