{"alpha": 0.46482101, "Network": "INS IXC Services ", "solve_time": 6.121374741196632, "node_count": 33, "edge_count": 41}