{"alpha": 1.0220195, "Network": "IRIS Networks ", "solve_time": 15.77994928508997, "node_count": 51, "edge_count": 64}