{"alpha": 0.44130742, "Network": "iSTAR", "solve_time": 2.1682598907500505, "node_count": 23, "edge_count": 23}