{"alpha": 0.11284, "Network": "Itnet", "solve_time": 0.5941350925713778, "node_count": 11, "edge_count": 10}