{"alpha": 0.210314, "Network": "Janet Lense", "solve_time": 3.004501588642597, "node_count": 20, "edge_count": 40}