{"alpha": 0.46754688, "Network": "Janet Backbone", "solve_time": 5.723830511793494, "node_count": 29, "edge_count": 45}