{"alpha": 0.2199367, "Network": "Janet External", "solve_time": 0.4759382177144289, "node_count": 12, "edge_count": 10}