{"alpha": 0.38299033, "Network": "JGN2plus-Japan", "solve_time": 1.33523110114038, "node_count": 18, "edge_count": 17}