{"alpha": 0.35433746, "Network": "KAREN", "solve_time": 3.4692621771246195, "node_count": 25, "edge_count": 30}