{"alpha": 0.27105467, "Network": "KentMan", "solve_time": 2.7695897668600082, "node_count": 26, "edge_count": 28}