{"alpha": 0.27444816, "Network": "KentMan", "solve_time": 1.0360251273959875, "node_count": 16, "edge_count": 17}