{"alpha": 0.42426321, "Network": "KentMan", "solve_time": 3.181291066110134, "node_count": 28, "edge_count": 29}