{"alpha": 0.60324758, "Network": "KentMan", "solve_time": 5.4684786684811115, "node_count": 38, "edge_count": 39}