{"alpha": 0.21014181, "Network": "KentMan", "solve_time": 2.3572516199201345, "node_count": 23, "edge_count": 24}