{"alpha": 0.27288453, "Network": "KREONET", "solve_time": 0.5834491290152073, "node_count": 13, "edge_count": 12}