{"alpha": 0.43505586, "Network": "Lambdanet ", "solve_time": 9.240156127139926, "node_count": 42, "edge_count": 46}