{"alpha": 0.58196703, "Network": "LATNET", "solve_time": 22.896856853738427, "node_count": 69, "edge_count": 74}