{"alpha": 0.055370826, "Network": "Layer42", "solve_time": 0.20404862985014915, "node_count": 6, "edge_count": 7}