{"alpha": 0.39257454, "Network": "LITNET", "solve_time": 9.259681276977062, "node_count": 43, "edge_count": 43}