{"alpha": 0.1709173, "Network": "MARNET", "solve_time": 1.9794956594705582, "node_count": 20, "edge_count": 27}