{"alpha": 0.49046278, "Network": "MARWAN", "solve_time": 1.1671237759292126, "node_count": 16, "edge_count": 18}