{"alpha": 0.20757087, "Network": "MREN", "solve_time": 0.13681251741945744, "node_count": 6, "edge_count": 5}