{"alpha": 0.29595565, "Network": "Myren", "solve_time": 5.907648334279656, "node_count": 37, "edge_count": 40}