{"alpha": 0.070708041, "Network": "NapNet", "solve_time": 0.24219214543700218, "node_count": 6, "edge_count": 7}