{"alpha": 0.18106905, "Network": "Navigata ", "solve_time": 0.8396024666726589, "node_count": 13, "edge_count": 17}