{"alpha": 0.4411934, "Network": "Netrail", "solve_time": 0.3233831748366356, "node_count": 7, "edge_count": 10}