{"alpha": 0.43321698, "Network": "Network USA ", "solve_time": 6.41334005817771, "node_count": 35, "edge_count": 39}