{"alpha": 0.21877779, "Network": "Nextgen ", "solve_time": 1.4067292716354132, "node_count": 17, "edge_count": 20}