{"alpha": 0.30073459, "Network": "NIIF", "solve_time": 6.178898761048913, "node_count": 36, "edge_count": 41}