{"alpha": 0.25352462, "Network": "Noel Communications ", "solve_time": 2.240888698026538, "node_count": 19, "edge_count": 25}