{"alpha": 0.165034, "Network": "NORDU", "solve_time": 0.36211539059877396, "node_count": 9, "edge_count": 10}