{"alpha": 0.035835288, "Network": "NORDU", "solve_time": 0.18652892857789993, "node_count": 7, "edge_count": 6}