{"alpha": 0.08150126, "Network": "NORDU", "solve_time": 1.1462126560509205, "node_count": 18, "edge_count": 17}