{"alpha": 0.13627934, "Network": "NORDU", "solve_time": 0.7073294129222631, "node_count": 14, "edge_count": 13}