{"alpha": 0.1348794, "Network": "NSFCNET", "solve_time": 0.5324735250324011, "node_count": 10, "edge_count": 10}