{"alpha": 0.10354298, "Network": "NSF", "solve_time": 0.9287760872393847, "node_count": 13, "edge_count": 15}