{"alpha": 0.75901975, "Network": "NTELOS ", "solve_time": 14.742641605436802, "node_count": 48, "edge_count": 61}