{"alpha": 0.4357265, "Network": "NTT", "solve_time": 86.82857026904821, "node_count": 47, "edge_count": 216}