{"alpha": 1.2223216, "Network": "OTEGlobe ", "solve_time": 55.832785941660404, "node_count": 93, "edge_count": 106}