{"alpha": 0.13939957, "Network": "Oxford", "solve_time": 2.184454405680299, "node_count": 20, "edge_count": 26}