{"alpha": 0.21973218, "Network": "Pacific-Wave", "solve_time": 1.8390024583786726, "node_count": 18, "edge_count": 27}