{"alpha": 0.2838622, "Network": "Packet Exchange", "solve_time": 2.370105227455497, "node_count": 21, "edge_count": 27}