{"alpha": 0.15168314, "Network": "PADI2", "solve_time": 0.38740517757833004, "node_count": 15, "edge_count": 6}