{"alpha": 0.62596618, "Network": "PalmettoNet ", "solve_time": 17.280395157635212, "node_count": 45, "edge_count": 70}