{"alpha": 0.11465568, "Network": "peer1", "solve_time": 1.3154503256082535, "node_count": 16, "edge_count": 20}