{"alpha": 1.75832, "Network": "PERN", "solve_time": 66.4961146209389, "node_count": 127, "edge_count": 129}