{"alpha": 0.23923571, "Network": "PIONIER", "solve_time": 10.009044244885445, "node_count": 38, "edge_count": 52}