{"alpha": 0.54181476, "Network": "PIONIER", "solve_time": 6.475379176437855, "node_count": 36, "edge_count": 41}