{"alpha": 0.27456162, "Network": "PsiNet", "solve_time": 2.561602581292391, "node_count": 24, "edge_count": 25}