{"alpha": 0.28044907, "Network": "Quest ", "solve_time": 2.4926058780401945, "node_count": 20, "edge_count": 31}