{"alpha": 1.1458301, "Network": "Bestel ", "solve_time": 62.37495029717684, "node_count": 84, "edge_count": 101}