{"alpha": 0.18420116, "Network": "RedIris", "solve_time": 2.3494516257196665, "node_count": 19, "edge_count": 32}