{"alpha": 0.29509957, "Network": "Renater", "solve_time": 2.0779473688453436, "node_count": 24, "edge_count": 23}