{"alpha": 0.37253928, "Network": "Renater", "solve_time": 6.482228023931384, "node_count": 33, "edge_count": 43}