{"alpha": 0.4528674, "Network": "Renater", "solve_time": 11.093257129192352, "node_count": 43, "edge_count": 56}