{"alpha": 0.3215305, "Network": "Renater", "solve_time": 5.829295603558421, "node_count": 33, "edge_count": 43}