{"alpha": 0.06142, "Network": "Renam", "solve_time": 0.0945567861199379, "node_count": 5, "edge_count": 4}