{"alpha": 0.40006162, "Network": "Renater", "solve_time": 4.7100105453282595, "node_count": 30, "edge_count": 36}