{"alpha": 0.27699962, "Network": "Renater", "solve_time": 2.828271232545376, "node_count": 24, "edge_count": 27}