{"alpha": 0.28285262, "Network": "Restena", "solve_time": 1.4528839606791735, "node_count": 19, "edge_count": 21}