{"alpha": 0.69655368, "Network": "Reuna", "solve_time": 5.00889035128057, "node_count": 37, "edge_count": 36}