{"alpha": 0.15684831, "Network": "RHnet", "solve_time": 1.1374190896749496, "node_count": 16, "edge_count": 18}