{"alpha": 0.24183214, "Network": "RNP", "solve_time": 4.2978518679738045, "node_count": 31, "edge_count": 34}