{"alpha": 0.58150389, "Network": "RoEduNet", "solve_time": 10.857700485736132, "node_count": 48, "edge_count": 52}