{"alpha": 0.37779096, "Network": "RoEduNet", "solve_time": 7.937771966680884, "node_count": 42, "edge_count": 50}