{"alpha": 0.46348706, "Network": "Sago", "solve_time": 1.140921838581562, "node_count": 18, "edge_count": 17}