{"alpha": 0.72210996, "Network": "SANET", "solve_time": 8.482731245458126, "node_count": 43, "edge_count": 45}