{"alpha": 0.13859455, "Network": "Sanren", "solve_time": 0.23658233880996704, "node_count": 7, "edge_count": 7}