{"alpha": 0.29440861, "Network": "Savvis", "solve_time": 1.5888474006205797, "node_count": 19, "edge_count": 20}