{"alpha": 0.22467389, "Network": "Shentel ", "solve_time": 4.105446623638272, "node_count": 28, "edge_count": 35}