{"alpha": 0.931482, "Network": "Sinet", "solve_time": 21.998099433258176, "node_count": 74, "edge_count": 76}