{"alpha": 0.14694988, "Network": "Singaren", "solve_time": 0.4273721817880869, "node_count": 11, "edge_count": 10}