{"alpha": 0.28871858, "Network": "SpiraLight", "solve_time": 0.9778574742376804, "node_count": 15, "edge_count": 16}