{"alpha": 0.087723054, "Network": "Sprint", "solve_time": 0.8005737084895372, "node_count": 11, "edge_count": 18}