{"alpha": 0.35853259, "Network": "OPTOSUNET", "solve_time": 5.444348677992821, "node_count": 26, "edge_count": 49}