{"alpha": 0.36349021, "Network": "SURFNET", "solve_time": 21.37824409082532, "node_count": 50, "edge_count": 73}