{"alpha": 0.47796927, "Network": "SWITCH", "solve_time": 10.803201403468847, "node_count": 42, "edge_count": 63}