{"alpha": 0.9965983, "Network": "SWITCH", "solve_time": 39.33933627605438, "node_count": 74, "edge_count": 92}