{"alpha": 1.2758804, "Network": "Syringa Networks", "solve_time": 34.06282309256494, "node_count": 74, "edge_count": 74}