{"alpha": 1.793764, "Network": "TATA", "solve_time": 391.42240870557725, "node_count": 145, "edge_count": 194}