{"alpha": 1.807562, "Network": "Tecove (level3)", "solve_time": 20.54393451102078, "node_count": 73, "edge_count": 70}