{"alpha": 0.042971566, "Network": "TelecomSerbia", "solve_time": 0.17240216955542564, "node_count": 6, "edge_count": 6}