{"alpha": 0.47763585, "Network": "Tinet", "solve_time": 24.932469943538308, "node_count": 53, "edge_count": 89}