{"alpha": 0.26284721, "Network": "T-lex", "solve_time": 0.7586099244654179, "node_count": 12, "edge_count": 16}