{"alpha": 0.8138115, "Network": "TW Telecom", "solve_time": 56.3287221994251, "node_count": 76, "edge_count": 118}