{"alpha": 0.43944201, "Network": "TWAREN", "solve_time": 1.4955998342484236, "node_count": 20, "edge_count": 20}