{"alpha": 0.62641218, "Network": "ULAKNET", "solve_time": 26.531506905332208, "node_count": 82, "edge_count": 82}