{"alpha": 0.45913607, "Network": "Uni-C", "solve_time": 2.8064450342208147, "node_count": 25, "edge_count": 29}