{"alpha": 0.62794879, "Network": "Uninett", "solve_time": 47.504903715103865, "node_count": 74, "edge_count": 101}