{"alpha": 0.50456006, "Network": "Uninett", "solve_time": 46.890075797215104, "node_count": 69, "edge_count": 98}