{"alpha": 0.17764942, "Network": "UniNet", "solve_time": 1.2338629625737667, "node_count": 13, "edge_count": 25}