{"alpha": 0.63182668, "Network": "URAN", "solve_time": 2.1560711078345776, "node_count": 24, "edge_count": 24}