{"alpha": 1.5574939, "Network": "US Carrier", "solve_time": 330.0345794297755, "node_count": 158, "edge_count": 189}