{"alpha": 0.97755208, "Network": "US Signal", "solve_time": 36.9961455296725, "node_count": 63, "edge_count": 79}