{"alpha": 0.53388464, "Network": "UUNET", "solve_time": 19.54960606433451, "node_count": 49, "edge_count": 84}