{"alpha": 0.31117574, "Network": "VinaREN", "solve_time": 2.233346413820982, "node_count": 25, "edge_count": 26}