{"alpha": 0.26175329, "Network": "Vision Net", "solve_time": 2.1591673847287893, "node_count": 24, "edge_count": 23}