{"alpha": 1.2527236, "Network": "Viatel", "solve_time": 80.50515636056662, "node_count": 92, "edge_count": 96}