{"alpha": 1.2085303, "Network": "Viatel", "solve_time": 81.47459181025624, "node_count": 88, "edge_count": 92}