{"alpha": 0.25105729, "Network": "WIDE", "solve_time": 3.8651157673448324, "node_count": 30, "edge_count": 33}