{"alpha": 0.20266961, "Network": "Xeex", "solve_time": 3.3858576845377684, "node_count": 24, "edge_count": 34}