{"alpha": 0.61009754, "Network": "Xspedius", "solve_time": 8.905096631497145, "node_count": 34, "edge_count": 49}