{"alpha": 0.42498393, "Network": "YorkDataServices", "solve_time": 2.4447350036352873, "node_count": 23, "edge_count": 24}