{"alpha": 0.5295305, "Network": "Zamren", "solve_time": 4.746331794187427, "node_count": 36, "edge_count": 34}