{"alpha": 0.234564, "Network": "AARNET", "solve_time": 2.0509262066334486, "node_count": 19, "edge_count": 24}