{"alpha": 0.181162, "Network": "AboveNet", "solve_time": 3.4387043938040733, "node_count": 23, "edge_count": 31}