{"alpha": 0.274808, "Network": "ACOnet", "solve_time": 3.5600504018366337, "node_count": 23, "edge_count": 31}