{"alpha": 0.506734, "Network": "AGIS", "solve_time": 3.7265873793512583, "node_count": 25, "edge_count": 30}