{"alpha": 0.078982, "Network": "AI3", "solve_time": 0.3577158488333225, "node_count": 10, "edge_count": 9}