{"alpha": 0.84974, "Network": "AMRES", "solve_time": 2.5561563912779093, "node_count": 25, "edge_count": 24}