{"alpha": 0.305668, "Network": "ANS", "solve_time": 2.414106970652938, "node_count": 18, "edge_count": 25}