{"alpha": 0.255128, "Network": "ARNES", "solve_time": 7.565400924533606, "node_count": 34, "edge_count": 47}