{"alpha": 0.012064, "Network": "ARPANET", "solve_time": 0.08454950340092182, "node_count": 4, "edge_count": 4}