{"alpha": 0.297442, "Network": "ARPANET", "solve_time": 0.4127934444695711, "node_count": 9, "edge_count": 10}