{"alpha": 0.241228, "Network": "ARPANET", "solve_time": 5.07404026761651, "node_count": 29, "edge_count": 32}