{"alpha": 0.61871, "Network": "ASNET-AM", "solve_time": 26.792661061510444, "node_count": 65, "edge_count": 79}