{"alpha": 0.136266, "Network": "ATMnet", "solve_time": 2.3678676560521126, "node_count": 21, "edge_count": 22}