{"alpha": 0.444954, "Network": "Azrena", "solve_time": 2.2962007969617844, "node_count": 22, "edge_count": 25}