{"alpha": 0.216742, "Network": "Bandcon ", "solve_time": 3.0076141078025103, "node_count": 22, "edge_count": 28}