{"alpha": 0.037296, "Network": "BASNET", "solve_time": 0.1900194063782692, "node_count": 7, "edge_count": 6}