{"alpha": 0.282776, "Network": "BBNplanet", "solve_time": 3.3616181761026382, "node_count": 27, "edge_count": 28}