{"alpha": 0.550758, "Network": "Bell Canada", "solve_time": 18.709713742136955, "node_count": 48, "edge_count": 65}