{"alpha": 0.431172, "Network": "Bell South ", "solve_time": 15.248666120693088, "node_count": 51, "edge_count": 66}