{"alpha": 0.23611, "Network": "BELNET", "solve_time": 3.8147337455302477, "node_count": 22, "edge_count": 32}