{"alpha": 0.243876, "Network": "BELNET", "solve_time": 4.170651149004698, "node_count": 23, "edge_count": 43}