{"alpha": 0.214588, "Network": "BELNET", "solve_time": 4.6811895947903395, "node_count": 23, "edge_count": 44}