{"alpha": 0.24503, "Network": "BELNET", "solve_time": 4.280145799741149, "node_count": 23, "edge_count": 44}