{"alpha": 0.186312, "Network": "BELNET", "solve_time": 2.985960651189089, "node_count": 21, "edge_count": 31}