{"alpha": 0.115544, "Network": "BELNET", "solve_time": 4.530958104878664, "node_count": 23, "edge_count": 43}