{"alpha": 0.158476, "Network": "BELNET", "solve_time": 3.260942719876766, "node_count": 21, "edge_count": 31}