{"alpha": 0.394016, "Network": "BTN ", "solve_time": 20.613571820780635, "node_count": 53, "edge_count": 65}