{"alpha": 0.321774, "Network": "BICS", "solve_time": 8.146474683657289, "node_count": 33, "edge_count": 48}