{"alpha": 0.611868, "Network": "BizNetworks", "solve_time": 5.482218908146024, "node_count": 29, "edge_count": 33}