{"alpha": 0.546926, "Network": "BREN", "solve_time": 6.092531628906727, "node_count": 37, "edge_count": 38}