{"alpha": 0.234708, "Network": "BT Asia-Pacific", "solve_time": 2.812352506443858, "node_count": 20, "edge_count": 31}