{"alpha": 0.268908, "Network": "BT Europe", "solve_time": 3.7571375593543053, "node_count": 24, "edge_count": 37}