{"alpha": 0.71149, "Network": "BT Latin America", "solve_time": 11.965324679389596, "node_count": 51, "edge_count": 50}