{"alpha": 0.47054, "Network": "BT North America", "solve_time": 18.804377540946007, "node_count": 36, "edge_count": 76}