{"alpha": 0.429464, "Network": "Canerie", "solve_time": 5.994778025895357, "node_count": 32, "edge_count": 41}