{"alpha": 0.631952, "Network": "Carnet", "solve_time": 8.454788876697421, "node_count": 44, "edge_count": 43}