{"alpha": 0.684034, "Network": "CESNET", "solve_time": 7.747439904138446, "node_count": 39, "edge_count": 44}