{"alpha": 0.164612, "Network": "CESNET", "solve_time": 0.6579174883663654, "node_count": 13, "edge_count": 12}