{"alpha": 0.255344, "Network": "CESNET", "solve_time": 0.6147755347192287, "node_count": 13, "edge_count": 12}