{"alpha": 0.475516, "Network": "CESNET", "solve_time": 10.159574104472995, "node_count": 44, "edge_count": 51}