{"alpha": 0.572588, "Network": "CESNET", "solve_time": 15.31404596567154, "node_count": 52, "edge_count": 63}