{"alpha": 0.313344, "Network": "CESNET", "solve_time": 4.017355091869831, "node_count": 29, "edge_count": 33}