{"alpha": 0.495636, "Network": "CESNET", "solve_time": 7.233874825760722, "node_count": 39, "edge_count": 44}