{"alpha": 0.164734, "Network": "CESNET", "solve_time": 2.3147529754787683, "node_count": 23, "edge_count": 23}