{"alpha": 0.25388, "Network": "China Telecom ", "solve_time": 13.051819989457726, "node_count": 42, "edge_count": 66}