{"alpha": 0.310448, "Network": "Claranet", "solve_time": 1.0948879718780518, "node_count": 15, "edge_count": 18}