{"alpha": 1.586206, "Network": "Cogent ", "solve_time": 867.0335047245026, "node_count": 197, "edge_count": 245}