{"alpha": 1.818992, "Network": "Colt Telecom ", "solve_time": 336.12136609852314, "node_count": 153, "edge_count": 191}