{"alpha": 0.247026, "Network": "Compuserve", "solve_time": 1.0656582824885845, "node_count": 14, "edge_count": 17}