{"alpha": 0.364826, "Network": "CRL", "solve_time": 6.80354973860085, "node_count": 33, "edge_count": 38}