{"alpha": 0.515826, "Network": "CUDI", "solve_time": 11.276622215285897, "node_count": 51, "edge_count": 52}