{"alpha": 0.573804, "Network": "Cynet", "solve_time": 3.58400940336287, "node_count": 30, "edge_count": 29}