{"alpha": 0.461532, "Network": "Darkstrand ", "solve_time": 4.741607682779431, "node_count": 28, "edge_count": 31}