{"alpha": 0.083806, "Network": "DataXchange", "solve_time": 0.3064842168241739, "node_count": 6, "edge_count": 11}