{"alpha": 1.285536, "Network": "ITC Deltacom ", "solve_time": 310.7616624161601, "node_count": 113, "edge_count": 183}