{"alpha": 0.484882, "Network": "Deutsche Telekom ", "solve_time": 11.888215355575085, "node_count": 39, "edge_count": 62}