{"alpha": 0.579254, "Network": "DFN", "solve_time": 38.34826819598675, "node_count": 58, "edge_count": 87}