{"alpha": 3.156894, "Network": "Dial Telecom ", "solve_time": 649.7827430926263, "node_count": 193, "edge_count": 151}