{"alpha": 0.349234, "Network": "DIGEX", "solve_time": 6.588395090773702, "node_count": 31, "edge_count": 38}