{"alpha": 0.172494, "Network": "EasyNet ", "solve_time": 2.4659229293465614, "node_count": 19, "edge_count": 29}