{"alpha": 0.286552, "Network": "EEnet", "solve_time": 0.921397129073739, "node_count": 13, "edge_count": 16}