{"alpha": 0.353856, "Network": "Electric Lightwave", "solve_time": 2.8981125466525555, "node_count": 20, "edge_count": 30}