{"alpha": 0.036538, "Network": "Epoch", "solve_time": 0.20803935825824738, "node_count": 6, "edge_count": 7}