{"alpha": 0.76634, "Network": "ESnet", "solve_time": 36.08403507247567, "node_count": 68, "edge_count": 92}