{"alpha": 0.086616, "Network": "euNetworks ", "solve_time": 1.2948880605399609, "node_count": 15, "edge_count": 19}