{"alpha": 0.491088, "Network": "EvoLink", "solve_time": 9.102432925254107, "node_count": 37, "edge_count": 45}