{"alpha": 0.200196, "Network": "FatMan", "solve_time": 1.5002090111374855, "node_count": 17, "edge_count": 21}