{"alpha": 0.499178, "Network": "FORTHNET", "solve_time": 16.677468357607722, "node_count": 62, "edge_count": 62}