{"alpha": 0.376652, "Network": "FUNET", "solve_time": 4.004291506484151, "node_count": 26, "edge_count": 31}