{"alpha": 0.674312, "Network": "GARR", "solve_time": 24.524849819019437, "node_count": 56, "edge_count": 76}