{"alpha": 0.17969, "Network": "GARR", "solve_time": 1.1575031615793705, "node_count": 16, "edge_count": 18}