{"alpha": 0.827928, "Network": "GARR", "solve_time": 20.234875962138176, "node_count": 55, "edge_count": 69}