{"alpha": 0.656454, "Network": "GARR", "solve_time": 20.448095005005598, "node_count": 54, "edge_count": 71}