{"alpha": 0.485242, "Network": "GARR", "solve_time": 26.661200772970915, "node_count": 59, "edge_count": 85}