{"alpha": 0.50064, "Network": "GARR", "solve_time": 23.013956610113382, "node_count": 55, "edge_count": 72}