{"alpha": 0.42286, "Network": "GARR", "solve_time": 20.30315377190709, "node_count": 54, "edge_count": 68}