{"alpha": 0.119504, "Network": "GARR", "solve_time": 2.1934358216822147, "node_count": 22, "edge_count": 24}