{"alpha": 0.665548, "Network": "GARR", "solve_time": 28.198092157021165, "node_count": 57, "edge_count": 77}