{"alpha": 0.36019, "Network": "GARR", "solve_time": 19.149102549999952, "node_count": 54, "edge_count": 68}