{"alpha": 0.22342, "Network": "GARR", "solve_time": 2.3901056349277496, "node_count": 23, "edge_count": 25}