{"alpha": 0.747734, "Network": "GARR", "solve_time": 30.6632292419672, "node_count": 59, "edge_count": 83}