{"alpha": 0.449624, "Network": "GARR", "solve_time": 19.698527542874217, "node_count": 54, "edge_count": 68}