{"alpha": 0.747732, "Network": "GARR", "solve_time": 30.54715201444924, "node_count": 60, "edge_count": 87}