{"alpha": 0.45631, "Network": "GARR", "solve_time": 26.62618356384337, "node_count": 56, "edge_count": 75}