{"alpha": 0.716496, "Network": "GARR", "solve_time": 21.513669164851308, "node_count": 55, "edge_count": 74}