{"alpha": 0.243294, "Network": "GARR", "solve_time": 2.5850311685353518, "node_count": 24, "edge_count": 26}