{"alpha": 0.472844, "Network": "GARR", "solve_time": 29.32900319993496, "node_count": 59, "edge_count": 87}