{"alpha": 0.411382, "Network": "GARR", "solve_time": 27.414403209462762, "node_count": 61, "edge_count": 89}