{"alpha": 0.340698, "Network": "GARR", "solve_time": 22.873362390324473, "node_count": 54, "edge_count": 71}