{"alpha": 0.505224, "Network": "GARR", "solve_time": 28.03768757916987, "node_count": 59, "edge_count": 86}