{"alpha": 0.593204, "Network": "GARR", "solve_time": 29.26677936501801, "node_count": 61, "edge_count": 89}