{"alpha": 0.581468, "Network": "GARR", "solve_time": 25.168267503380775, "node_count": 59, "edge_count": 85}