{"alpha": 0.29993, "Network": "GARR", "solve_time": 2.057128980755806, "node_count": 22, "edge_count": 24}