{"alpha": 0.22528, "Network": "GARR", "solve_time": 3.2971854135394096, "node_count": 27, "edge_count": 29}