{"alpha": 0.392408, "Network": "GARR", "solve_time": 20.816696984693408, "node_count": 55, "edge_count": 74}