{"alpha": 0.803612, "Network": "GARR", "solve_time": 23.77171648479998, "node_count": 56, "edge_count": 75}