{"alpha": 0.210236, "Network": "GARR", "solve_time": 2.5421461425721645, "node_count": 23, "edge_count": 25}