{"alpha": 0.706472, "Network": "GARR", "solve_time": 32.1913589425385, "node_count": 59, "edge_count": 84}