{"alpha": 0.644356, "Network": "GARR", "solve_time": 21.086092019453645, "node_count": 54, "edge_count": 71}