{"alpha": 0.601532, "Network": "GARR", "solve_time": 28.306409895420074, "node_count": 58, "edge_count": 81}