{"alpha": 0.08888, "Network": "GlobalNetRu", "solve_time": 0.23770315200090408, "node_count": 8, "edge_count": 7}