{"alpha": 0.43205, "Network": "GEANT", "solve_time": 10.576882204040885, "node_count": 34, "edge_count": 52}