{"alpha": 0.519408, "Network": "GEANT", "solve_time": 16.605742286890745, "node_count": 40, "edge_count": 61}