{"alpha": 0.373104, "Network": "GEANT", "solve_time": 4.599673802033067, "node_count": 27, "edge_count": 38}