{"alpha": 0.35603, "Network": "GEANT", "solve_time": 11.464085901156068, "node_count": 37, "edge_count": 58}