{"alpha": 0.03468, "Network": "GetNet", "solve_time": 0.2538715060800314, "node_count": 7, "edge_count": 8}