{"alpha": 0.55818, "Network": "GlobeNet", "solve_time": 62.274303674697876, "node_count": 67, "edge_count": 113}