{"alpha": 0.277942, "Network": "GoodNet", "solve_time": 2.5935156755149364, "node_count": 17, "edge_count": 31}