{"alpha": 0.179472, "Network": "GRENA", "solve_time": 1.0050341747701168, "node_count": 16, "edge_count": 15}