{"alpha": 0.159182, "Network": "GridNet", "solve_time": 0.9422516543418169, "node_count": 9, "edge_count": 20}