{"alpha": 0.540922, "Network": "GRnet", "solve_time": 8.708164365962148, "node_count": 37, "edge_count": 47}