{"alpha": 1.378438, "Network": "GTS CE", "solve_time": 522.028108522296, "node_count": 149, "edge_count": 193}