{"alpha": 0.344424, "Network": "GTS Hungary", "solve_time": 4.211709456518292, "node_count": 30, "edge_count": 31}