{"alpha": 0.490546, "Network": "GTS Poland", "solve_time": 6.816282773390412, "node_count": 33, "edge_count": 37}