{"alpha": 0.231996, "Network": "HARNET", "solve_time": 2.1738950312137604, "node_count": 21, "edge_count": 25}