{"alpha": 0.11882, "Network": "Highwinds", "solve_time": 4.9600879568606615, "node_count": 18, "edge_count": 53}