{"alpha": 0.278158, "Network": "IBM", "solve_time": 2.0645839739590883, "node_count": 18, "edge_count": 24}