{"alpha": 0.283978, "Network": "IIJ", "solve_time": 12.860233077779412, "node_count": 37, "edge_count": 66}