{"alpha": 0.334962, "Network": "IINET ", "solve_time": 4.447368163615465, "node_count": 31, "edge_count": 35}