{"alpha": 0.385022, "Network": "ILAN", "solve_time": 0.9598949979990721, "node_count": 14, "edge_count": 15}