{"alpha": 0.958334, "Network": "Interroute ", "solve_time": 250.05477756261826, "node_count": 110, "edge_count": 158}