{"alpha": 0.340096, "Network": "Integra Telecom ", "solve_time": 5.1229160744696856, "node_count": 27, "edge_count": 36}