{"alpha": 0.163434, "Network": "InternetMCI", "solve_time": 4.134372264146805, "node_count": 19, "edge_count": 45}