{"alpha": 0.75938, "Network": "Internode", "solve_time": 28.358951350674033, "node_count": 66, "edge_count": 78}