{"alpha": 1.338772, "Network": "Intellifiber", "solve_time": 60.26237261481583, "node_count": 73, "edge_count": 97}