{"alpha": 0.66445, "Network": "ValleyNet", "solve_time": 11.294547006487846, "node_count": 39, "edge_count": 53}