{"alpha": 1.931646, "Network": "ION", "solve_time": 341.36917908117175, "node_count": 125, "edge_count": 150}