{"alpha": 1.021192, "Network": "IRIS Networks ", "solve_time": 23.09290806762874, "node_count": 51, "edge_count": 64}