{"alpha": 0.441646, "Network": "iSTAR", "solve_time": 2.2167799845337868, "node_count": 23, "edge_count": 23}