{"alpha": 0.11284, "Network": "Itnet", "solve_time": 0.9985332321375608, "node_count": 11, "edge_count": 10}