{"alpha": 0.467764, "Network": "Janet Backbone", "solve_time": 6.127631608396769, "node_count": 29, "edge_count": 45}