{"alpha": 0.210314, "Network": "Janet Lense", "solve_time": 3.208779262378812, "node_count": 20, "edge_count": 40}