{"alpha": 0.383662, "Network": "JGN2plus-Japan", "solve_time": 1.2644640151411295, "node_count": 18, "edge_count": 17}