{"alpha": 0.271118, "Network": "KentMan", "solve_time": 3.0102574340999126, "node_count": 26, "edge_count": 28}