{"alpha": 0.274798, "Network": "KentMan", "solve_time": 1.6169740036129951, "node_count": 16, "edge_count": 17}