{"alpha": 0.603412, "Network": "KentMan", "solve_time": 6.302291044965386, "node_count": 38, "edge_count": 39}