{"alpha": 0.210374, "Network": "KentMan", "solve_time": 2.2225189674645662, "node_count": 23, "edge_count": 24}