{"alpha": 0.424582, "Network": "KentMan", "solve_time": 3.44816230610013, "node_count": 28, "edge_count": 29}