{"alpha": 0.273954, "Network": "KREONET", "solve_time": 0.6099786423146725, "node_count": 13, "edge_count": 12}