{"alpha": 0.435088, "Network": "Lambdanet ", "solve_time": 13.358190689235926, "node_count": 42, "edge_count": 46}