{"alpha": 0.582076, "Network": "LATNET", "solve_time": 22.53115525096655, "node_count": 69, "edge_count": 74}