{"alpha": 0.055352, "Network": "Layer42", "solve_time": 0.1852306704968214, "node_count": 6, "edge_count": 7}