{"alpha": 0.392776, "Network": "LITNET", "solve_time": 7.72600563056767, "node_count": 43, "edge_count": 43}