{"alpha": 0.170892, "Network": "MARNET", "solve_time": 2.271657148376107, "node_count": 20, "edge_count": 27}