{"alpha": 0.490906, "Network": "MARWAN", "solve_time": 1.4850521087646484, "node_count": 16, "edge_count": 18}