{"alpha": 0.208918, "Network": "MREN", "solve_time": 0.134538222104311, "node_count": 6, "edge_count": 5}