{"alpha": 0.296158, "Network": "Myren", "solve_time": 6.1598397474735975, "node_count": 37, "edge_count": 40}