{"alpha": 0.070684, "Network": "NapNet", "solve_time": 0.19395947642624378, "node_count": 6, "edge_count": 7}