{"alpha": 0.442386, "Network": "Netrail", "solve_time": 0.31478932686150074, "node_count": 7, "edge_count": 10}