{"alpha": 0.433378, "Network": "Network USA ", "solve_time": 7.192263511940837, "node_count": 35, "edge_count": 39}