{"alpha": 0.21933, "Network": "Nextgen ", "solve_time": 1.541589055210352, "node_count": 17, "edge_count": 20}