{"alpha": 0.300902, "Network": "NIIF", "solve_time": 6.631349520757794, "node_count": 36, "edge_count": 41}