{"alpha": 0.136438, "Network": "NORDU", "solve_time": 0.7220493871718645, "node_count": 14, "edge_count": 13}