{"alpha": 0.081538, "Network": "NORDU", "solve_time": 1.4154806844890118, "node_count": 18, "edge_count": 17}