{"alpha": 0.165034, "Network": "NORDU", "solve_time": 0.36372135020792484, "node_count": 9, "edge_count": 10}