{"alpha": 0.03711, "Network": "NORDU", "solve_time": 0.18796883523464203, "node_count": 7, "edge_count": 6}