{"alpha": 0.134894, "Network": "NSFCNET", "solve_time": 0.7733308039605618, "node_count": 10, "edge_count": 10}