{"alpha": 0.103594, "Network": "NSF", "solve_time": 0.8642194531857967, "node_count": 13, "edge_count": 15}