{"alpha": 0.758824, "Network": "NTELOS ", "solve_time": 16.184960819780827, "node_count": 48, "edge_count": 61}