{"alpha": 0.436586, "Network": "NTT", "solve_time": 108.13404913060367, "node_count": 47, "edge_count": 216}