{"alpha": 1.22195, "Network": "OTEGlobe ", "solve_time": 83.06220758892596, "node_count": 93, "edge_count": 106}