{"alpha": 0.139624, "Network": "Oxford", "solve_time": 2.2840163577347994, "node_count": 20, "edge_count": 26}