{"alpha": 0.219944, "Network": "Pacific-Wave", "solve_time": 2.0642695538699627, "node_count": 18, "edge_count": 27}