{"alpha": 0.283926, "Network": "Packet Exchange", "solve_time": 2.574419578537345, "node_count": 21, "edge_count": 27}