{"alpha": 0.15158, "Network": "PADI2", "solve_time": 0.38682677410542965, "node_count": 15, "edge_count": 6}