{"alpha": 0.626044, "Network": "PalmettoNet ", "solve_time": 24.66304262727499, "node_count": 45, "edge_count": 70}