{"alpha": 0.114806, "Network": "peer1", "solve_time": 1.6443959176540375, "node_count": 16, "edge_count": 20}