{"alpha": 1.75412, "Network": "PERN", "solve_time": 78.35709029249847, "node_count": 127, "edge_count": 129}