{"alpha": 0.23952, "Network": "PIONIER", "solve_time": 9.789456387981772, "node_count": 38, "edge_count": 52}