{"alpha": 0.541974, "Network": "PIONIER", "solve_time": 7.718329114839435, "node_count": 36, "edge_count": 41}