{"alpha": 0.275012, "Network": "PsiNet", "solve_time": 2.7526879124343395, "node_count": 24, "edge_count": 25}