{"alpha": 0.280878, "Network": "Quest ", "solve_time": 3.2195885442197323, "node_count": 20, "edge_count": 31}