{"alpha": 1.143612, "Network": "Bestel ", "solve_time": 68.04062183573842, "node_count": 84, "edge_count": 101}