{"alpha": 0.184264, "Network": "RedIris", "solve_time": 2.701497485861182, "node_count": 19, "edge_count": 32}