{"alpha": 0.29613, "Network": "Renater", "solve_time": 2.1487526427954435, "node_count": 24, "edge_count": 23}