{"alpha": 0.400092, "Network": "Renater", "solve_time": 4.853841111063957, "node_count": 30, "edge_count": 36}