{"alpha": 0.32153, "Network": "Renater", "solve_time": 7.283766034990549, "node_count": 33, "edge_count": 43}