{"alpha": 0.372902, "Network": "Renater", "solve_time": 6.7580658961087465, "node_count": 33, "edge_count": 43}