{"alpha": 0.06142, "Network": "Renam", "solve_time": 0.103352727368474, "node_count": 5, "edge_count": 4}