{"alpha": 0.45299, "Network": "Renater", "solve_time": 14.50255941413343, "node_count": 43, "edge_count": 56}