{"alpha": 0.27768, "Network": "Renater", "solve_time": 2.7690017074346542, "node_count": 24, "edge_count": 27}