{"alpha": 0.241854, "Network": "RNP", "solve_time": 5.452440116554499, "node_count": 31, "edge_count": 34}