{"alpha": 0.378102, "Network": "RoEduNet", "solve_time": 9.33149548433721, "node_count": 42, "edge_count": 50}