{"alpha": 0.581952, "Network": "RoEduNet", "solve_time": 12.796030858531594, "node_count": 48, "edge_count": 52}