{"alpha": 0.463616, "Network": "Sago", "solve_time": 1.326538247987628, "node_count": 18, "edge_count": 17}