{"alpha": 0.721778, "Network": "SANET", "solve_time": 11.33184677734971, "node_count": 43, "edge_count": 45}