{"alpha": 0.13881, "Network": "Sanren", "solve_time": 0.24662691727280617, "node_count": 7, "edge_count": 7}