{"alpha": 0.294614, "Network": "Savvis", "solve_time": 2.1355066373944283, "node_count": 19, "edge_count": 20}