{"alpha": 0.930992, "Network": "Sinet", "solve_time": 28.545746244490147, "node_count": 74, "edge_count": 76}