{"alpha": 0.146944, "Network": "Singaren", "solve_time": 0.47949658147990704, "node_count": 11, "edge_count": 10}