{"alpha": 0.288892, "Network": "SpiraLight", "solve_time": 1.2390873525291681, "node_count": 15, "edge_count": 16}