{"alpha": 0.087892, "Network": "Sprint", "solve_time": 0.8340818881988525, "node_count": 11, "edge_count": 18}