{"alpha": 0.358908, "Network": "OPTOSUNET", "solve_time": 6.61048043705523, "node_count": 26, "edge_count": 49}