{"alpha": 0.363738, "Network": "SURFNET", "solve_time": 24.89457562752068, "node_count": 50, "edge_count": 73}