{"alpha": 0.477916, "Network": "SWITCH", "solve_time": 13.33435695618391, "node_count": 42, "edge_count": 63}