{"alpha": 0.995456, "Network": "SWITCH", "solve_time": 58.14600279927254, "node_count": 74, "edge_count": 92}