{"alpha": 1.789876, "Network": "TATA", "solve_time": 503.65468735806644, "node_count": 145, "edge_count": 194}