{"alpha": 1.801124, "Network": "Tecove (level3)", "solve_time": 21.585629671812057, "node_count": 73, "edge_count": 70}