{"alpha": 0.47788, "Network": "Tinet", "solve_time": 39.440388875082135, "node_count": 53, "edge_count": 89}