{"alpha": 0.262802, "Network": "T-lex", "solve_time": 0.86006267555058, "node_count": 12, "edge_count": 16}