{"alpha": 0.813708, "Network": "TW Telecom", "solve_time": 71.42182992212474, "node_count": 76, "edge_count": 118}