{"alpha": 0.440088, "Network": "TWAREN", "solve_time": 1.608900686725974, "node_count": 20, "edge_count": 20}