{"alpha": 0.626196, "Network": "ULAKNET", "solve_time": 27.638069881126285, "node_count": 82, "edge_count": 82}