{"alpha": 0.459336, "Network": "Uni-C", "solve_time": 3.685318011790514, "node_count": 25, "edge_count": 29}