{"alpha": 0.177656, "Network": "UniNet", "solve_time": 1.451664175838232, "node_count": 13, "edge_count": 25}