{"alpha": 0.504864, "Network": "Uninett", "solve_time": 51.770325576886535, "node_count": 69, "edge_count": 98}