{"alpha": 0.627888, "Network": "Uninett", "solve_time": 57.48436757735908, "node_count": 74, "edge_count": 101}