{"alpha": 0.631762, "Network": "URAN", "solve_time": 2.37017722427845, "node_count": 24, "edge_count": 24}