{"alpha": 0.97678, "Network": "US Signal", "solve_time": 38.2092295344919, "node_count": 63, "edge_count": 79}