{"alpha": 0.533914, "Network": "UUNET", "solve_time": 26.33338618837297, "node_count": 49, "edge_count": 84}