{"alpha": 0.311492, "Network": "VinaREN", "solve_time": 2.727760201320052, "node_count": 25, "edge_count": 26}