{"alpha": 0.261982, "Network": "Vision Net", "solve_time": 2.4826460741460323, "node_count": 24, "edge_count": 23}