{"alpha": 1.250512, "Network": "Viatel", "solve_time": 90.8829147182405, "node_count": 92, "edge_count": 96}