{"alpha": 1.206558, "Network": "Viatel", "solve_time": 96.072300048545, "node_count": 88, "edge_count": 92}