{"alpha": 0.202812, "Network": "Xeex", "solve_time": 3.8921428583562374, "node_count": 24, "edge_count": 34}