{"alpha": 0.234564, "Network": "AARNET", "solve_time": 2.6679552495479584, "node_count": 19, "edge_count": 24}