{"alpha": 0.07676, "Network": "Abilene", "solve_time": 0.6609231904149055, "node_count": 11, "edge_count": 14}