{"alpha": 0.181162, "Network": "AboveNet", "solve_time": 6.460749192163348, "node_count": 23, "edge_count": 31}