{"alpha": 0.274808, "Network": "ACOnet", "solve_time": 3.183782374486327, "node_count": 23, "edge_count": 31}