{"alpha": 0.506734, "Network": "AGIS", "solve_time": 3.608266482129693, "node_count": 25, "edge_count": 30}