{"alpha": 0.078982, "Network": "AI3", "solve_time": 0.7648048512637615, "node_count": 10, "edge_count": 9}