{"alpha": 0.84974, "Network": "AMRES", "solve_time": 4.456768633797765, "node_count": 25, "edge_count": 24}