{"alpha": 0.305668, "Network": "ANS", "solve_time": 2.026323450729251, "node_count": 18, "edge_count": 25}