{"alpha": 0.255128, "Network": "ARNES", "solve_time": 7.507333317771554, "node_count": 34, "edge_count": 47}