{"alpha": 0.297442, "Network": "ARPANET", "solve_time": 0.3640839345753193, "node_count": 9, "edge_count": 10}