{"alpha": 0.67313, "Network": "ARPANET", "solve_time": 3.4196800887584686, "node_count": 25, "edge_count": 28}