{"alpha": 0.012064, "Network": "ARPANET", "solve_time": 0.08301125280559063, "node_count": 4, "edge_count": 4}