{"alpha": 0.61871, "Network": "ASNET-AM", "solve_time": 23.827871834859252, "node_count": 65, "edge_count": 79}