{"alpha": 0.136266, "Network": "ATMnet", "solve_time": 4.069879252463579, "node_count": 21, "edge_count": 22}