{"alpha": 0.331156, "Network": "ATT North America", "solve_time": 11.144052835181355, "node_count": 25, "edge_count": 57}