{"alpha": 0.444954, "Network": "Azrena", "solve_time": 2.5937037002295256, "node_count": 22, "edge_count": 25}