{"alpha": 0.216742, "Network": "Bandcon ", "solve_time": 3.8511272687464952, "node_count": 22, "edge_count": 28}