{"alpha": 0.037296, "Network": "BASNET", "solve_time": 0.26735518872737885, "node_count": 7, "edge_count": 6}