{"alpha": 0.282776, "Network": "BBNplanet", "solve_time": 3.5626198519021273, "node_count": 27, "edge_count": 28}