{"alpha": 0.550758, "Network": "Bell Canada", "solve_time": 17.436629315838218, "node_count": 48, "edge_count": 65}