{"alpha": 0.431172, "Network": "Bell South ", "solve_time": 15.653660360723734, "node_count": 51, "edge_count": 66}