{"alpha": 0.243876, "Network": "BELNET", "solve_time": 5.863334778696299, "node_count": 23, "edge_count": 43}