{"alpha": 0.24503, "Network": "BELNET", "solve_time": 4.327641498297453, "node_count": 23, "edge_count": 44}