{"alpha": 0.115544, "Network": "BELNET", "solve_time": 7.024797623977065, "node_count": 23, "edge_count": 43}