{"alpha": 0.186312, "Network": "BELNET", "solve_time": 3.166746109724045, "node_count": 21, "edge_count": 31}