{"alpha": 0.538604, "Network": "BELNET", "solve_time": 4.452155739068985, "node_count": 21, "edge_count": 31}