{"alpha": 0.158476, "Network": "BELNET", "solve_time": 3.352445300668478, "node_count": 21, "edge_count": 31}