{"alpha": 0.23611, "Network": "BELNET", "solve_time": 4.208215003833175, "node_count": 22, "edge_count": 32}