{"alpha": 0.214588, "Network": "BELNET", "solve_time": 4.561327246949077, "node_count": 23, "edge_count": 44}