{"alpha": 0.394016, "Network": "BTN ", "solve_time": 26.926709236577153, "node_count": 53, "edge_count": 65}