{"alpha": 0.321774, "Network": "BICS", "solve_time": 9.234379278495908, "node_count": 33, "edge_count": 48}