{"alpha": 0.546926, "Network": "BREN", "solve_time": 8.138133186846972, "node_count": 37, "edge_count": 38}