{"alpha": 0.234708, "Network": "BT Asia-Pacific", "solve_time": 2.9094337560236454, "node_count": 20, "edge_count": 31}