{"alpha": 0.268908, "Network": "BT Europe", "solve_time": 3.6172855254262686, "node_count": 24, "edge_count": 37}