{"alpha": 0.47054, "Network": "BT North America", "solve_time": 15.911655994132161, "node_count": 36, "edge_count": 76}