{"alpha": 0.429464, "Network": "Canerie", "solve_time": 6.437469430267811, "node_count": 32, "edge_count": 41}