{"alpha": 0.631952, "Network": "Carnet", "solve_time": 14.349997881799936, "node_count": 44, "edge_count": 43}