{"alpha": 0.24102, "Network": "Cernet", "solve_time": 11.378434477373958, "node_count": 41, "edge_count": 59}