{"alpha": 0.164612, "Network": "CESNET", "solve_time": 1.3425666633993387, "node_count": 13, "edge_count": 12}