{"alpha": 0.475516, "Network": "CESNET", "solve_time": 9.855139190331101, "node_count": 44, "edge_count": 51}