{"alpha": 0.495636, "Network": "CESNET", "solve_time": 8.651859506964684, "node_count": 39, "edge_count": 44}