{"alpha": 0.572588, "Network": "CESNET", "solve_time": 18.54518112167716, "node_count": 52, "edge_count": 63}