{"alpha": 0.255344, "Network": "CESNET", "solve_time": 0.9520480539649725, "node_count": 13, "edge_count": 12}