{"alpha": 0.684034, "Network": "CESNET", "solve_time": 14.672451524063945, "node_count": 39, "edge_count": 44}