{"alpha": 0.164734, "Network": "CESNET", "solve_time": 4.348918190225959, "node_count": 23, "edge_count": 23}