{"alpha": 0.25388, "Network": "China Telecom ", "solve_time": 13.085733853280544, "node_count": 42, "edge_count": 66}