{"alpha": 0.310448, "Network": "Claranet", "solve_time": 1.556607248261571, "node_count": 15, "edge_count": 18}