{"alpha": 0.247026, "Network": "Compuserve", "solve_time": 1.0239992886781693, "node_count": 14, "edge_count": 17}