{"alpha": 0.364826, "Network": "CRL", "solve_time": 6.70113093033433, "node_count": 33, "edge_count": 38}