{"alpha": 0.515826, "Network": "CUDI", "solve_time": 13.670794488862157, "node_count": 51, "edge_count": 52}