{"alpha": 0.652108, "Network": "CWIX", "solve_time": 7.149370774626732, "node_count": 36, "edge_count": 41}