{"alpha": 0.573804, "Network": "Cynet", "solve_time": 3.7785123623907566, "node_count": 30, "edge_count": 29}