{"alpha": 0.461532, "Network": "Darkstrand ", "solve_time": 7.180462401360273, "node_count": 28, "edge_count": 31}