{"alpha": 0.083806, "Network": "DataXchange", "solve_time": 0.2951583880931139, "node_count": 6, "edge_count": 11}