{"alpha": 0.484882, "Network": "Deutsche Telekom ", "solve_time": 12.785819552838802, "node_count": 39, "edge_count": 62}