{"alpha": 0.579254, "Network": "DFN", "solve_time": 29.45387963950634, "node_count": 58, "edge_count": 87}