{"alpha": 0.349234, "Network": "DIGEX", "solve_time": 6.189229609444737, "node_count": 31, "edge_count": 38}