{"alpha": 0.286552, "Network": "EEnet", "solve_time": 1.530742259696126, "node_count": 13, "edge_count": 16}