{"alpha": 0.036538, "Network": "Epoch", "solve_time": 0.19157163240015507, "node_count": 6, "edge_count": 7}