{"alpha": 0.873178, "Network": "ERNET", "solve_time": 4.04411518201232, "node_count": 30, "edge_count": 32}