{"alpha": 0.76634, "Network": "ESnet", "solve_time": 37.61764380149543, "node_count": 68, "edge_count": 92}