{"alpha": 0.491088, "Network": "EvoLink", "solve_time": 7.972527522593737, "node_count": 37, "edge_count": 45}