{"alpha": 0.200196, "Network": "FatMan", "solve_time": 1.7131184972822666, "node_count": 17, "edge_count": 21}