{"alpha": 0.499178, "Network": "FORTHNET", "solve_time": 18.752374233677983, "node_count": 62, "edge_count": 62}