{"alpha": 0.376652, "Network": "FUNET", "solve_time": 3.960099810734391, "node_count": 26, "edge_count": 31}