{"alpha": 0.674312, "Network": "GARR", "solve_time": 23.000821268185973, "node_count": 56, "edge_count": 76}