{"alpha": 0.22528, "Network": "GARR", "solve_time": 5.583418311551213, "node_count": 27, "edge_count": 29}