{"alpha": 0.42286, "Network": "GARR", "solve_time": 17.860207362100482, "node_count": 54, "edge_count": 68}