{"alpha": 0.827928, "Network": "GARR", "solve_time": 18.364044515416026, "node_count": 55, "edge_count": 69}