{"alpha": 0.665548, "Network": "GARR", "solve_time": 30.972813135012984, "node_count": 57, "edge_count": 77}