{"alpha": 0.392408, "Network": "GARR", "solve_time": 23.456093972548842, "node_count": 55, "edge_count": 74}