{"alpha": 0.340698, "Network": "GARR", "solve_time": 23.410660369321704, "node_count": 54, "edge_count": 71}