{"alpha": 0.17969, "Network": "GARR", "solve_time": 1.1973996255546808, "node_count": 16, "edge_count": 18}