{"alpha": 0.803612, "Network": "GARR", "solve_time": 29.48904188349843, "node_count": 56, "edge_count": 75}