{"alpha": 0.119504, "Network": "GARR", "solve_time": 2.2549115009605885, "node_count": 22, "edge_count": 24}