{"alpha": 0.36019, "Network": "GARR", "solve_time": 18.305557059124112, "node_count": 54, "edge_count": 68}