{"alpha": 0.210236, "Network": "GARR", "solve_time": 2.578068209812045, "node_count": 23, "edge_count": 25}