{"alpha": 0.411382, "Network": "GARR", "solve_time": 24.835623530671, "node_count": 61, "edge_count": 89}