{"alpha": 0.45631, "Network": "GARR", "solve_time": 23.42412232980132, "node_count": 56, "edge_count": 75}