{"alpha": 0.243294, "Network": "GARR", "solve_time": 3.9232973139733076, "node_count": 24, "edge_count": 26}