{"alpha": 0.22342, "Network": "GARR", "solve_time": 4.031945990398526, "node_count": 23, "edge_count": 25}