{"alpha": 0.644356, "Network": "GARR", "solve_time": 18.438406318426132, "node_count": 54, "edge_count": 71}