{"alpha": 0.601532, "Network": "GARR", "solve_time": 23.06644243746996, "node_count": 58, "edge_count": 81}