{"alpha": 0.50064, "Network": "GARR", "solve_time": 20.02394579909742, "node_count": 55, "edge_count": 72}