{"alpha": 0.472844, "Network": "GARR", "solve_time": 23.516304038465023, "node_count": 59, "edge_count": 87}