{"alpha": 0.581468, "Network": "GARR", "solve_time": 30.99776490405202, "node_count": 59, "edge_count": 85}