{"alpha": 0.449624, "Network": "GARR", "solve_time": 18.22743347659707, "node_count": 54, "edge_count": 68}