{"alpha": 0.747734, "Network": "GARR", "solve_time": 38.4895938616246, "node_count": 59, "edge_count": 83}