{"alpha": 0.716496, "Network": "GARR", "solve_time": 29.469807459041476, "node_count": 55, "edge_count": 74}