{"alpha": 0.593204, "Network": "GARR", "solve_time": 26.677002225071192, "node_count": 61, "edge_count": 89}