{"alpha": 0.29993, "Network": "GARR", "solve_time": 2.4642180614173412, "node_count": 22, "edge_count": 24}