{"alpha": 0.706472, "Network": "GARR", "solve_time": 26.846659971401095, "node_count": 59, "edge_count": 84}