{"alpha": 0.505224, "Network": "GARR", "solve_time": 24.37117970176041, "node_count": 59, "edge_count": 86}