{"alpha": 0.485242, "Network": "GARR", "solve_time": 25.40322120860219, "node_count": 59, "edge_count": 85}