{"alpha": 0.519408, "Network": "GEANT", "solve_time": 14.605442328378558, "node_count": 40, "edge_count": 61}