{"alpha": 0.43205, "Network": "GEANT", "solve_time": 9.857605382800102, "node_count": 34, "edge_count": 52}