{"alpha": 0.373104, "Network": "GEANT", "solve_time": 4.5796279069036245, "node_count": 27, "edge_count": 38}