{"alpha": 0.35603, "Network": "GEANT", "solve_time": 15.224052106961608, "node_count": 37, "edge_count": 58}