{"alpha": 0.03468, "Network": "GetNet", "solve_time": 0.24166885390877724, "node_count": 7, "edge_count": 8}