{"alpha": 0.55818, "Network": "GlobeNet", "solve_time": 91.0426396112889, "node_count": 67, "edge_count": 113}