{"alpha": 0.277942, "Network": "GoodNet", "solve_time": 3.4713982958346605, "node_count": 17, "edge_count": 31}