{"alpha": 0.179472, "Network": "GRENA", "solve_time": 1.6949784997850657, "node_count": 16, "edge_count": 15}