{"alpha": 0.159182, "Network": "GridNet", "solve_time": 1.1700460389256477, "node_count": 9, "edge_count": 20}