{"alpha": 0.540922, "Network": "GRnet", "solve_time": 11.018107034265995, "node_count": 37, "edge_count": 47}