{"alpha": 0.344424, "Network": "GTS Hungary", "solve_time": 3.9612443298101425, "node_count": 30, "edge_count": 31}