{"alpha": 0.205078, "Network": "GTS Romania", "solve_time": 3.1592984683811665, "node_count": 21, "edge_count": 24}