{"alpha": 0.41851, "Network": "GTS Slovakia", "solve_time": 5.720069402828813, "node_count": 35, "edge_count": 37}