{"alpha": 0.231996, "Network": "HARNET", "solve_time": 3.126557732000947, "node_count": 21, "edge_count": 25}