{"alpha": 0.11882, "Network": "Highwinds", "solve_time": 4.883013552054763, "node_count": 18, "edge_count": 53}