{"alpha": 0.278158, "Network": "IBM", "solve_time": 2.1228208169341087, "node_count": 18, "edge_count": 24}