{"alpha": 0.283978, "Network": "IIJ", "solve_time": 18.23202089034021, "node_count": 37, "edge_count": 66}