{"alpha": 0.334962, "Network": "IINET ", "solve_time": 4.2861259784549475, "node_count": 31, "edge_count": 35}