{"alpha": 0.385022, "Network": "ILAN", "solve_time": 0.8024903349578381, "node_count": 14, "edge_count": 15}