{"alpha": 0.163434, "Network": "InternetMCI", "solve_time": 3.9726852122694254, "node_count": 19, "edge_count": 45}