{"alpha": 0.340096, "Network": "Integra Telecom ", "solve_time": 4.615304568782449, "node_count": 27, "edge_count": 36}