{"alpha": 0.958334, "Network": "Interroute ", "solve_time": 266.48232211358845, "node_count": 110, "edge_count": 158}