{"alpha": 1.338772, "Network": "Intellifiber", "solve_time": 59.540476217865944, "node_count": 73, "edge_count": 97}