{"alpha": 0.75938, "Network": "Internode", "solve_time": 28.02646637521684, "node_count": 66, "edge_count": 78}