{"alpha": 0.66445, "Network": "ValleyNet", "solve_time": 16.54580287449062, "node_count": 39, "edge_count": 53}