{"alpha": 0.46485, "Network": "INS IXC Services ", "solve_time": 10.967628626152873, "node_count": 33, "edge_count": 41}