{"alpha": 0.441646, "Network": "iSTAR", "solve_time": 2.131068142130971, "node_count": 23, "edge_count": 23}