{"alpha": 0.11284, "Network": "Itnet", "solve_time": 0.6978960875421762, "node_count": 11, "edge_count": 10}