{"alpha": 0.210314, "Network": "Janet Lense", "solve_time": 6.192804412916303, "node_count": 20, "edge_count": 40}