{"alpha": 0.220738, "Network": "Janet External", "solve_time": 0.7054589949548244, "node_count": 12, "edge_count": 10}