{"alpha": 0.383662, "Network": "JGN2plus-Japan", "solve_time": 1.5887968800961971, "node_count": 18, "edge_count": 17}