{"alpha": 0.271118, "Network": "KentMan", "solve_time": 6.044341202825308, "node_count": 26, "edge_count": 28}