{"alpha": 0.274798, "Network": "KentMan", "solve_time": 2.229422116652131, "node_count": 16, "edge_count": 17}