{"alpha": 0.603412, "Network": "KentMan", "solve_time": 7.33257943764329, "node_count": 38, "edge_count": 39}