{"alpha": 0.210374, "Network": "KentMan", "solve_time": 2.3093890827149153, "node_count": 23, "edge_count": 24}