{"alpha": 0.424582, "Network": "KentMan", "solve_time": 3.3684833999723196, "node_count": 28, "edge_count": 29}