{"alpha": 0.273954, "Network": "KREONET", "solve_time": 1.2104381900280714, "node_count": 13, "edge_count": 12}