{"alpha": 0.435088, "Network": "Lambdanet ", "solve_time": 11.99091106466949, "node_count": 42, "edge_count": 46}