{"alpha": 0.582076, "Network": "LATNET", "solve_time": 23.922045392915606, "node_count": 69, "edge_count": 74}