{"alpha": 0.392776, "Network": "LITNET", "solve_time": 11.543652037158608, "node_count": 43, "edge_count": 43}