{"alpha": 0.170892, "Network": "MARNET", "solve_time": 3.9314740151166916, "node_count": 20, "edge_count": 27}