{"alpha": 0.490906, "Network": "MARWAN", "solve_time": 1.2217823807150126, "node_count": 16, "edge_count": 18}