{"alpha": 0.208918, "Network": "MREN", "solve_time": 0.12490722723305225, "node_count": 6, "edge_count": 5}