{"alpha": 0.296158, "Network": "Myren", "solve_time": 6.816884741187096, "node_count": 37, "edge_count": 40}