{"alpha": 0.070684, "Network": "NapNet", "solve_time": 0.2513958178460598, "node_count": 6, "edge_count": 7}