{"alpha": 0.18122, "Network": "Navigata ", "solve_time": 1.0245137866586447, "node_count": 13, "edge_count": 17}