{"alpha": 0.442386, "Network": "Netrail", "solve_time": 0.29011454433202744, "node_count": 7, "edge_count": 10}