{"alpha": 0.433378, "Network": "Network USA ", "solve_time": 11.07118995115161, "node_count": 35, "edge_count": 39}