{"alpha": 0.21933, "Network": "Nextgen ", "solve_time": 1.9519262071698904, "node_count": 17, "edge_count": 20}