{"alpha": 0.300902, "Network": "NIIF", "solve_time": 6.834947153925896, "node_count": 36, "edge_count": 41}