{"alpha": 0.081538, "Network": "NORDU", "solve_time": 1.29923134483397, "node_count": 18, "edge_count": 17}