{"alpha": 0.03711, "Network": "NORDU", "solve_time": 0.33265240490436554, "node_count": 7, "edge_count": 6}