{"alpha": 0.165034, "Network": "NORDU", "solve_time": 0.5210810136049986, "node_count": 9, "edge_count": 10}