{"alpha": 0.134894, "Network": "NSFCNET", "solve_time": 0.6736891008913517, "node_count": 10, "edge_count": 10}