{"alpha": 0.103594, "Network": "NSF", "solve_time": 1.5580949019640684, "node_count": 13, "edge_count": 15}