{"alpha": 0.758824, "Network": "NTELOS ", "solve_time": 23.82656406983733, "node_count": 48, "edge_count": 61}