{"alpha": 0.436586, "Network": "NTT", "solve_time": 101.15910569764674, "node_count": 47, "edge_count": 216}