{"alpha": 1.22195, "Network": "OTEGlobe ", "solve_time": 115.18633009120822, "node_count": 93, "edge_count": 106}