{"alpha": 0.139624, "Network": "Oxford", "solve_time": 2.299887202680111, "node_count": 20, "edge_count": 26}