{"alpha": 0.219944, "Network": "Pacific-Wave", "solve_time": 2.1123461797833443, "node_count": 18, "edge_count": 27}