{"alpha": 0.283926, "Network": "Packet Exchange", "solve_time": 3.586507735773921, "node_count": 21, "edge_count": 27}