{"alpha": 0.15158, "Network": "PADI2", "solve_time": 0.3910429161041975, "node_count": 15, "edge_count": 6}