{"alpha": 0.626044, "Network": "PalmettoNet ", "solve_time": 20.9716739282012, "node_count": 45, "edge_count": 70}