{"alpha": 1.75412, "Network": "PERN", "solve_time": 87.9507634434849, "node_count": 127, "edge_count": 129}