{"alpha": 0.541974, "Network": "PIONIER", "solve_time": 14.351019186899066, "node_count": 36, "edge_count": 41}