{"alpha": 0.23952, "Network": "PIONIER", "solve_time": 14.907429466024041, "node_count": 38, "edge_count": 52}