{"alpha": 0.275012, "Network": "PsiNet", "solve_time": 2.9294250309467316, "node_count": 24, "edge_count": 25}