{"alpha": 0.280878, "Network": "Quest ", "solve_time": 4.026840910315514, "node_count": 20, "edge_count": 31}