{"alpha": 1.143612, "Network": "Bestel ", "solve_time": 73.37973967380822, "node_count": 84, "edge_count": 101}