{"alpha": 0.184264, "Network": "RedIris", "solve_time": 3.6044833045452833, "node_count": 19, "edge_count": 32}