{"alpha": 0.27768, "Network": "Renater", "solve_time": 2.7193181179463863, "node_count": 24, "edge_count": 27}