{"alpha": 0.372902, "Network": "Renater", "solve_time": 12.43391995690763, "node_count": 33, "edge_count": 43}