{"alpha": 0.400092, "Network": "Renater", "solve_time": 8.136467231437564, "node_count": 30, "edge_count": 36}