{"alpha": 0.29613, "Network": "Renater", "solve_time": 2.0713654048740864, "node_count": 24, "edge_count": 23}