{"alpha": 0.32153, "Network": "Renater", "solve_time": 8.66667148284614, "node_count": 33, "edge_count": 43}