{"alpha": 0.06142, "Network": "Renam", "solve_time": 0.17885583452880383, "node_count": 5, "edge_count": 4}