{"alpha": 0.28317, "Network": "Restena", "solve_time": 1.7046020776033401, "node_count": 19, "edge_count": 21}