{"alpha": 0.696528, "Network": "Reuna", "solve_time": 7.839199947193265, "node_count": 37, "edge_count": 36}