{"alpha": 0.241854, "Network": "RNP", "solve_time": 5.55639623850584, "node_count": 31, "edge_count": 34}