{"alpha": 0.581952, "Network": "RoEduNet", "solve_time": 16.127642752602696, "node_count": 48, "edge_count": 52}