{"alpha": 0.378102, "Network": "RoEduNet", "solve_time": 9.508490784093738, "node_count": 42, "edge_count": 50}