{"alpha": 0.463616, "Network": "Sago", "solve_time": 1.5641187988221645, "node_count": 18, "edge_count": 17}