{"alpha": 0.721778, "Network": "SANET", "solve_time": 14.753543324768543, "node_count": 43, "edge_count": 45}