{"alpha": 0.13881, "Network": "Sanren", "solve_time": 0.45512320660054684, "node_count": 7, "edge_count": 7}