{"alpha": 0.294614, "Network": "Savvis", "solve_time": 1.7295281030237675, "node_count": 19, "edge_count": 20}