{"alpha": 0.224804, "Network": "Shentel ", "solve_time": 8.30718333274126, "node_count": 28, "edge_count": 35}