{"alpha": 0.146944, "Network": "Singaren", "solve_time": 0.40937588550150394, "node_count": 11, "edge_count": 10}