{"alpha": 0.288892, "Network": "SpiraLight", "solve_time": 1.073875354602933, "node_count": 15, "edge_count": 16}