{"alpha": 0.087892, "Network": "Sprint", "solve_time": 1.0026363469660282, "node_count": 11, "edge_count": 18}