{"alpha": 0.358908, "Network": "OPTOSUNET", "solve_time": 6.808858273550868, "node_count": 26, "edge_count": 49}