{"alpha": 0.363738, "Network": "SURFNET", "solve_time": 31.490658769384027, "node_count": 50, "edge_count": 73}