{"alpha": 0.995456, "Network": "SWITCH", "solve_time": 52.35922808200121, "node_count": 74, "edge_count": 92}