{"alpha": 0.477916, "Network": "SWITCH", "solve_time": 16.59063401259482, "node_count": 42, "edge_count": 63}