{"alpha": 1.801124, "Network": "Tecove (level3)", "solve_time": 25.62484267540276, "node_count": 73, "edge_count": 70}