{"alpha": 0.813708, "Network": "TW Telecom", "solve_time": 99.94490829482675, "node_count": 76, "edge_count": 118}