{"alpha": 0.440088, "Network": "TWAREN", "solve_time": 2.815322071313858, "node_count": 20, "edge_count": 20}