{"alpha": 0.626196, "Network": "ULAKNET", "solve_time": 29.288177298381925, "node_count": 82, "edge_count": 82}