{"alpha": 0.459336, "Network": "Uni-C", "solve_time": 3.655431827530265, "node_count": 25, "edge_count": 29}