{"alpha": 0.177656, "Network": "UniNet", "solve_time": 1.6141013856977224, "node_count": 13, "edge_count": 25}