{"alpha": 0.627888, "Network": "Uninett", "solve_time": 71.50926369987428, "node_count": 74, "edge_count": 101}