{"alpha": 0.504864, "Network": "Uninett", "solve_time": 61.85610340721905, "node_count": 69, "edge_count": 98}