{"alpha": 0.631762, "Network": "URAN", "solve_time": 3.7245340291410685, "node_count": 24, "edge_count": 24}