{"alpha": 0.97678, "Network": "US Signal", "solve_time": 43.813107028603554, "node_count": 63, "edge_count": 79}