{"alpha": 0.533914, "Network": "UUNET", "solve_time": 36.67625550925732, "node_count": 49, "edge_count": 84}