{"alpha": 0.261982, "Network": "Vision Net", "solve_time": 4.099360013380647, "node_count": 24, "edge_count": 23}