{"alpha": 1.206558, "Network": "Viatel", "solve_time": 91.70299661159515, "node_count": 88, "edge_count": 92}