{"alpha": 0.251216, "Network": "WIDE", "solve_time": 4.705821420997381, "node_count": 30, "edge_count": 33}