{"alpha": 0.60973, "Network": "Xspedius", "solve_time": 8.696908785030246, "node_count": 34, "edge_count": 49}