{"alpha": 0.529708, "Network": "Zamren", "solve_time": 5.221853852272034, "node_count": 36, "edge_count": 34}