{"alpha": 0.234564, "Network": "AARNET", "solve_time": 2.123180452734232, "node_count": 19, "edge_count": 24}