{"alpha": 0.07676, "Network": "Abilene", "solve_time": 0.7706456668674946, "node_count": 11, "edge_count": 14}