{"alpha": 0.181162, "Network": "AboveNet", "solve_time": 3.5951798129826784, "node_count": 23, "edge_count": 31}