{"alpha": 0.274808, "Network": "ACOnet", "solve_time": 2.9182091280817986, "node_count": 23, "edge_count": 31}