{"alpha": 0.506734, "Network": "AGIS", "solve_time": 3.4526544641703367, "node_count": 25, "edge_count": 30}