{"alpha": 0.150894, "Network": "Airtel", "solve_time": 2.446448879316449, "node_count": 16, "edge_count": 37}