{"alpha": 0.84974, "Network": "AMRES", "solve_time": 2.4498386308550835, "node_count": 25, "edge_count": 24}