{"alpha": 0.305668, "Network": "ANS", "solve_time": 2.2092988826334476, "node_count": 18, "edge_count": 25}