{"alpha": 0.255128, "Network": "ARNES", "solve_time": 7.523701127618551, "node_count": 34, "edge_count": 47}