{"alpha": 0.67313, "Network": "ARPANET", "solve_time": 3.960964862257242, "node_count": 25, "edge_count": 28}