{"alpha": 0.012064, "Network": "ARPANET", "solve_time": 0.07014302909374237, "node_count": 4, "edge_count": 4}