{"alpha": 0.241228, "Network": "ARPANET", "solve_time": 4.987914444878697, "node_count": 29, "edge_count": 32}