{"alpha": 0.297442, "Network": "ARPANET", "solve_time": 0.39503295719623566, "node_count": 9, "edge_count": 10}