{"alpha": 0.61871, "Network": "ASNET-AM", "solve_time": 21.127075782045722, "node_count": 65, "edge_count": 79}