{"alpha": 0.136266, "Network": "ATMnet", "solve_time": 2.2964989095926285, "node_count": 21, "edge_count": 22}