{"alpha": 0.444954, "Network": "Azrena", "solve_time": 1.8156758323311806, "node_count": 22, "edge_count": 25}