{"alpha": 0.216742, "Network": "Bandcon ", "solve_time": 2.75462587736547, "node_count": 22, "edge_count": 28}