{"alpha": 0.037296, "Network": "BASNET", "solve_time": 0.1352776326239109, "node_count": 7, "edge_count": 6}