{"alpha": 0.282776, "Network": "BBNplanet", "solve_time": 3.158365074545145, "node_count": 27, "edge_count": 28}