{"alpha": 0.431172, "Network": "Bell South ", "solve_time": 12.737546563148499, "node_count": 51, "edge_count": 66}