{"alpha": 0.550758, "Network": "Bell Canada", "solve_time": 17.205955350771546, "node_count": 48, "edge_count": 65}