{"alpha": 0.23611, "Network": "BELNET", "solve_time": 3.7208269238471985, "node_count": 22, "edge_count": 32}