{"alpha": 0.243876, "Network": "BELNET", "solve_time": 4.159443590790033, "node_count": 23, "edge_count": 43}