{"alpha": 0.115544, "Network": "BELNET", "solve_time": 3.462864276021719, "node_count": 23, "edge_count": 43}