{"alpha": 0.186312, "Network": "BELNET", "solve_time": 3.1379726752638817, "node_count": 21, "edge_count": 31}