{"alpha": 0.24503, "Network": "BELNET", "solve_time": 3.4621405452489853, "node_count": 23, "edge_count": 44}