{"alpha": 0.158476, "Network": "BELNET", "solve_time": 3.2150794602930546, "node_count": 21, "edge_count": 31}