{"alpha": 0.538604, "Network": "BELNET", "solve_time": 3.064250713214278, "node_count": 21, "edge_count": 31}