{"alpha": 0.214588, "Network": "BELNET", "solve_time": 3.0781936068087816, "node_count": 23, "edge_count": 44}