{"alpha": 0.394016, "Network": "BTN ", "solve_time": 19.174407873302698, "node_count": 53, "edge_count": 65}