{"alpha": 0.321774, "Network": "BICS", "solve_time": 7.827085517346859, "node_count": 33, "edge_count": 48}