{"alpha": 0.611868, "Network": "BizNetworks", "solve_time": 4.488234180957079, "node_count": 29, "edge_count": 33}