{"alpha": 0.546926, "Network": "BREN", "solve_time": 5.9643303994089365, "node_count": 37, "edge_count": 38}