{"alpha": 0.234708, "Network": "BT Asia-Pacific", "solve_time": 2.4584232084453106, "node_count": 20, "edge_count": 31}