{"alpha": 0.268908, "Network": "BT Europe", "solve_time": 3.440002430230379, "node_count": 24, "edge_count": 37}