{"alpha": 0.47054, "Network": "BT North America", "solve_time": 14.979478757828474, "node_count": 36, "edge_count": 76}