{"alpha": 0.429464, "Network": "Canerie", "solve_time": 5.2810183223336935, "node_count": 32, "edge_count": 41}