{"alpha": 0.631952, "Network": "Carnet", "solve_time": 6.583254650235176, "node_count": 44, "edge_count": 43}