{"alpha": 0.24102, "Network": "Cernet", "solve_time": 10.978408755734563, "node_count": 41, "edge_count": 59}