{"alpha": 0.255344, "Network": "CESNET", "solve_time": 0.6107200291007757, "node_count": 13, "edge_count": 12}