{"alpha": 0.684034, "Network": "CESNET", "solve_time": 6.8638951648026705, "node_count": 39, "edge_count": 44}