{"alpha": 0.572588, "Network": "CESNET", "solve_time": 14.115686848759651, "node_count": 52, "edge_count": 63}