{"alpha": 0.164734, "Network": "CESNET", "solve_time": 2.044773241505027, "node_count": 23, "edge_count": 23}