{"alpha": 0.313344, "Network": "CESNET", "solve_time": 3.696952370926738, "node_count": 29, "edge_count": 33}