{"alpha": 0.475516, "Network": "CESNET", "solve_time": 8.29698421806097, "node_count": 44, "edge_count": 51}