{"alpha": 0.495636, "Network": "CESNET", "solve_time": 6.962150244042277, "node_count": 39, "edge_count": 44}