{"alpha": 0.189732, "Network": "CESNET", "solve_time": 0.3519660718739033, "node_count": 10, "edge_count": 9}