{"alpha": 0.310448, "Network": "Claranet", "solve_time": 1.1101741958409548, "node_count": 15, "edge_count": 18}