{"alpha": 1.586206, "Network": "Cogent ", "solve_time": 802.152388650924, "node_count": 197, "edge_count": 245}