{"alpha": 0.247026, "Network": "Compuserve", "solve_time": 1.0523723643273115, "node_count": 14, "edge_count": 17}