{"alpha": 0.364826, "Network": "CRL", "solve_time": 6.623018579557538, "node_count": 33, "edge_count": 38}