{"alpha": 0.515826, "Network": "CUDI", "solve_time": 10.912315234541893, "node_count": 51, "edge_count": 52}