{"alpha": 0.652108, "Network": "CWIX", "solve_time": 7.337116364389658, "node_count": 36, "edge_count": 41}