{"alpha": 0.573804, "Network": "Cynet", "solve_time": 2.8023475110530853, "node_count": 30, "edge_count": 29}