{"alpha": 0.461532, "Network": "Darkstrand ", "solve_time": 4.449001599103212, "node_count": 28, "edge_count": 31}