{"alpha": 0.083806, "Network": "DataXchange", "solve_time": 0.31445150822401047, "node_count": 6, "edge_count": 11}