{"alpha": 1.285536, "Network": "ITC Deltacom ", "solve_time": 238.37588841468096, "node_count": 113, "edge_count": 183}