{"alpha": 0.579254, "Network": "DFN", "solve_time": 25.21619627997279, "node_count": 58, "edge_count": 87}