{"alpha": 3.156894, "Network": "Dial Telecom ", "solve_time": 526.7927261665463, "node_count": 193, "edge_count": 151}