{"alpha": 0.349234, "Network": "DIGEX", "solve_time": 6.059847677126527, "node_count": 31, "edge_count": 38}