{"alpha": 0.172494, "Network": "EasyNet ", "solve_time": 2.264577865600586, "node_count": 19, "edge_count": 29}