{"alpha": 0.286552, "Network": "EEnet", "solve_time": 0.7283795643597841, "node_count": 13, "edge_count": 16}