{"alpha": 0.353856, "Network": "Electric Lightwave", "solve_time": 3.0310830492526293, "node_count": 20, "edge_count": 30}