{"alpha": 0.036538, "Network": "Epoch", "solve_time": 0.21266274712979794, "node_count": 6, "edge_count": 7}