{"alpha": 0.873178, "Network": "ERNET", "solve_time": 4.606290420517325, "node_count": 30, "edge_count": 32}