{"alpha": 0.76634, "Network": "ESnet", "solve_time": 35.10176295042038, "node_count": 68, "edge_count": 92}