{"alpha": 0.086616, "Network": "euNetworks ", "solve_time": 1.4383465629070997, "node_count": 15, "edge_count": 19}