{"alpha": 0.491088, "Network": "EvoLink", "solve_time": 7.0212565287947655, "node_count": 37, "edge_count": 45}