{"alpha": 0.200196, "Network": "FatMan", "solve_time": 1.4352024160325527, "node_count": 17, "edge_count": 21}