{"alpha": 0.499178, "Network": "FORTHNET", "solve_time": 14.253397356718779, "node_count": 62, "edge_count": 62}