{"alpha": 0.376652, "Network": "FUNET", "solve_time": 3.7194147650152445, "node_count": 26, "edge_count": 31}