{"alpha": 0.665548, "Network": "GARR", "solve_time": 22.574110245332122, "node_count": 57, "edge_count": 77}