{"alpha": 0.827928, "Network": "GARR", "solve_time": 17.728470243513584, "node_count": 55, "edge_count": 69}