{"alpha": 0.17969, "Network": "GARR", "solve_time": 1.0746218040585518, "node_count": 16, "edge_count": 18}