{"alpha": 0.50064, "Network": "GARR", "solve_time": 18.095294890925288, "node_count": 55, "edge_count": 72}