{"alpha": 0.593204, "Network": "GARR", "solve_time": 21.90031812340021, "node_count": 61, "edge_count": 89}