{"alpha": 0.45631, "Network": "GARR", "solve_time": 21.13581026904285, "node_count": 56, "edge_count": 75}