{"alpha": 0.485242, "Network": "GARR", "solve_time": 23.71017142944038, "node_count": 59, "edge_count": 85}