{"alpha": 0.505224, "Network": "GARR", "solve_time": 23.420958714559674, "node_count": 59, "edge_count": 86}