{"alpha": 0.716496, "Network": "GARR", "solve_time": 20.20376468077302, "node_count": 55, "edge_count": 74}