{"alpha": 0.656454, "Network": "GARR", "solve_time": 18.37271365709603, "node_count": 54, "edge_count": 71}