{"alpha": 0.22342, "Network": "GARR", "solve_time": 1.9710484724491835, "node_count": 23, "edge_count": 25}