{"alpha": 0.42286, "Network": "GARR", "solve_time": 17.737228835001588, "node_count": 54, "edge_count": 68}