{"alpha": 0.29993, "Network": "GARR", "solve_time": 2.1789660174399614, "node_count": 22, "edge_count": 24}