{"alpha": 0.581468, "Network": "GARR", "solve_time": 24.433797262609005, "node_count": 59, "edge_count": 85}