{"alpha": 0.210236, "Network": "GARR", "solve_time": 2.4066797513514757, "node_count": 23, "edge_count": 25}