{"alpha": 0.706472, "Network": "GARR", "solve_time": 22.511161230504513, "node_count": 59, "edge_count": 84}