{"alpha": 0.747734, "Network": "GARR", "solve_time": 24.2556791882962, "node_count": 59, "edge_count": 83}