{"alpha": 0.747732, "Network": "GARR", "solve_time": 24.84265393577516, "node_count": 60, "edge_count": 87}