{"alpha": 0.411382, "Network": "GARR", "solve_time": 22.28527396917343, "node_count": 61, "edge_count": 89}