{"alpha": 0.119504, "Network": "GARR", "solve_time": 2.106145676225424, "node_count": 22, "edge_count": 24}