{"alpha": 0.644356, "Network": "GARR", "solve_time": 19.086819911375642, "node_count": 54, "edge_count": 71}