{"alpha": 0.472844, "Network": "GARR", "solve_time": 25.66157102584839, "node_count": 59, "edge_count": 87}