{"alpha": 0.22528, "Network": "GARR", "solve_time": 3.273236148059368, "node_count": 27, "edge_count": 29}