{"alpha": 0.803612, "Network": "GARR", "solve_time": 19.79777736030519, "node_count": 56, "edge_count": 75}