{"alpha": 0.674312, "Network": "GARR", "solve_time": 19.838805966079235, "node_count": 56, "edge_count": 76}