{"alpha": 0.601532, "Network": "GARR", "solve_time": 22.318530736491084, "node_count": 58, "edge_count": 81}