{"alpha": 0.340698, "Network": "GARR", "solve_time": 18.030448028817773, "node_count": 54, "edge_count": 71}