{"alpha": 0.449624, "Network": "GARR", "solve_time": 17.01189512759447, "node_count": 54, "edge_count": 68}