{"alpha": 0.392408, "Network": "GARR", "solve_time": 18.824494384229183, "node_count": 55, "edge_count": 74}