{"alpha": 0.243294, "Network": "GARR", "solve_time": 2.2561715729534626, "node_count": 24, "edge_count": 26}