{"alpha": 0.519408, "Network": "GEANT", "solve_time": 11.649592719972134, "node_count": 40, "edge_count": 61}