{"alpha": 0.35603, "Network": "GEANT", "solve_time": 10.279950216412544, "node_count": 37, "edge_count": 58}