{"alpha": 0.43205, "Network": "GEANT", "solve_time": 9.589208096265793, "node_count": 34, "edge_count": 52}