{"alpha": 0.03468, "Network": "GetNet", "solve_time": 0.2733249366283417, "node_count": 7, "edge_count": 8}