{"alpha": 0.55818, "Network": "GlobeNet", "solve_time": 60.975092051550746, "node_count": 67, "edge_count": 113}