{"alpha": 0.277942, "Network": "GoodNet", "solve_time": 2.2418400831520557, "node_count": 17, "edge_count": 31}