{"alpha": 0.179472, "Network": "GRENA", "solve_time": 1.0367739479988813, "node_count": 16, "edge_count": 15}