{"alpha": 0.159182, "Network": "GridNet", "solve_time": 0.8577534146606922, "node_count": 9, "edge_count": 20}