{"alpha": 0.540922, "Network": "GRnet", "solve_time": 7.440248228609562, "node_count": 37, "edge_count": 47}