{"alpha": 1.378438, "Network": "GTS CE", "solve_time": 368.80594530142844, "node_count": 149, "edge_count": 193}