{"alpha": 0.344424, "Network": "GTS Hungary", "solve_time": 3.693196201696992, "node_count": 30, "edge_count": 31}