{"alpha": 0.490546, "Network": "GTS Poland", "solve_time": 6.168494859710336, "node_count": 33, "edge_count": 37}