{"alpha": 0.205078, "Network": "GTS Romania", "solve_time": 2.1136109847575426, "node_count": 21, "edge_count": 24}