{"alpha": 0.41851, "Network": "GTS Slovakia", "solve_time": 4.992376983165741, "node_count": 35, "edge_count": 37}