{"alpha": 0.231996, "Network": "HARNET", "solve_time": 1.9701977837830782, "node_count": 21, "edge_count": 25}