{"alpha": 0.278158, "Network": "IBM", "solve_time": 2.170274870470166, "node_count": 18, "edge_count": 24}