{"alpha": 0.283978, "Network": "IIJ", "solve_time": 10.317880634218454, "node_count": 37, "edge_count": 66}