{"alpha": 0.334962, "Network": "IINET ", "solve_time": 4.593604234978557, "node_count": 31, "edge_count": 35}