{"alpha": 1.338772, "Network": "Intellifiber", "solve_time": 51.568459859117866, "node_count": 73, "edge_count": 97}