{"alpha": 0.958334, "Network": "Interroute ", "solve_time": 192.96204360947013, "node_count": 110, "edge_count": 158}