{"alpha": 0.340096, "Network": "Integra Telecom ", "solve_time": 4.600346026942134, "node_count": 27, "edge_count": 36}