{"alpha": 0.75938, "Network": "Internode", "solve_time": 23.407349307090044, "node_count": 66, "edge_count": 78}