{"alpha": 0.66445, "Network": "ValleyNet", "solve_time": 9.602865619584918, "node_count": 39, "edge_count": 53}