{"alpha": 1.931646, "Network": "ION", "solve_time": 247.86307137832046, "node_count": 125, "edge_count": 150}