{"alpha": 1.021192, "Network": "IRIS Networks ", "solve_time": 21.980127526447177, "node_count": 51, "edge_count": 64}