{"alpha": 0.441646, "Network": "iSTAR", "solve_time": 2.071776021271944, "node_count": 23, "edge_count": 23}