{"alpha": 0.11284, "Network": "Itnet", "solve_time": 0.3325057439506054, "node_count": 11, "edge_count": 10}