{"alpha": 0.220738, "Network": "Janet External", "solve_time": 0.40924485959112644, "node_count": 12, "edge_count": 10}