{"alpha": 0.210314, "Network": "Janet Lense", "solve_time": 2.265254694968462, "node_count": 20, "edge_count": 40}