{"alpha": 0.467764, "Network": "Janet Backbone", "solve_time": 4.093653082847595, "node_count": 29, "edge_count": 45}