{"alpha": 0.383662, "Network": "JGN2plus-Japan", "solve_time": 1.2118553835898638, "node_count": 18, "edge_count": 17}