{"alpha": 0.210374, "Network": "KentMan", "solve_time": 2.193663865327835, "node_count": 23, "edge_count": 24}