{"alpha": 0.424582, "Network": "KentMan", "solve_time": 3.3636688124388456, "node_count": 28, "edge_count": 29}