{"alpha": 0.271118, "Network": "KentMan", "solve_time": 2.863925062119961, "node_count": 26, "edge_count": 28}