{"alpha": 0.274798, "Network": "KentMan", "solve_time": 1.0604556053876877, "node_count": 16, "edge_count": 17}