{"alpha": 0.603412, "Network": "KentMan", "solve_time": 5.132802674546838, "node_count": 38, "edge_count": 39}