{"alpha": 0.273954, "Network": "KREONET", "solve_time": 0.5223949775099754, "node_count": 13, "edge_count": 12}