{"alpha": 0.435088, "Network": "Lambdanet ", "solve_time": 10.93873486481607, "node_count": 42, "edge_count": 46}