{"alpha": 0.582076, "Network": "LATNET", "solve_time": 17.69431826286018, "node_count": 69, "edge_count": 74}