{"alpha": 0.392776, "Network": "LITNET", "solve_time": 8.186512803658843, "node_count": 43, "edge_count": 43}