{"alpha": 0.170892, "Network": "MARNET", "solve_time": 1.7710585426539183, "node_count": 20, "edge_count": 27}