{"alpha": 0.490906, "Network": "MARWAN", "solve_time": 1.2143407072871923, "node_count": 16, "edge_count": 18}