{"alpha": 0.208918, "Network": "MREN", "solve_time": 0.12805136665701866, "node_count": 6, "edge_count": 5}