{"alpha": 0.296158, "Network": "Myren", "solve_time": 5.628614455461502, "node_count": 37, "edge_count": 40}