{"alpha": 0.070684, "Network": "NapNet", "solve_time": 0.22918957471847534, "node_count": 6, "edge_count": 7}