{"alpha": 0.18122, "Network": "Navigata ", "solve_time": 0.8256151489913464, "node_count": 13, "edge_count": 17}