{"alpha": 0.442386, "Network": "Netrail", "solve_time": 0.3300316669046879, "node_count": 7, "edge_count": 10}