{"alpha": 0.433378, "Network": "Network USA ", "solve_time": 6.900447180494666, "node_count": 35, "edge_count": 39}