{"alpha": 0.21933, "Network": "Nextgen ", "solve_time": 1.5602505877614021, "node_count": 17, "edge_count": 20}