{"alpha": 0.300902, "Network": "NIIF", "solve_time": 6.408127522096038, "node_count": 36, "edge_count": 41}