{"alpha": 0.081538, "Network": "NORDU", "solve_time": 0.7936985641717911, "node_count": 18, "edge_count": 17}