{"alpha": 0.136438, "Network": "NORDU", "solve_time": 0.591479541733861, "node_count": 14, "edge_count": 13}