{"alpha": 0.03711, "Network": "NORDU", "solve_time": 0.1811734028160572, "node_count": 7, "edge_count": 6}