{"alpha": 0.165034, "Network": "NORDU", "solve_time": 0.3489203006029129, "node_count": 9, "edge_count": 10}