{"alpha": 0.134894, "Network": "NSFCNET", "solve_time": 0.5068890582770109, "node_count": 10, "edge_count": 10}