{"alpha": 0.103594, "Network": "NSF", "solve_time": 1.0216650739312172, "node_count": 13, "edge_count": 15}