{"alpha": 0.758824, "Network": "NTELOS ", "solve_time": 15.505719296634197, "node_count": 48, "edge_count": 61}