{"alpha": 0.436586, "Network": "NTT", "solve_time": 92.8873291220516, "node_count": 47, "edge_count": 216}