{"alpha": 1.22195, "Network": "OTEGlobe ", "solve_time": 67.9798104930669, "node_count": 93, "edge_count": 106}