{"alpha": 0.139624, "Network": "Oxford", "solve_time": 2.7275046464055777, "node_count": 20, "edge_count": 26}