{"alpha": 0.219944, "Network": "Pacific-Wave", "solve_time": 1.8266537245362997, "node_count": 18, "edge_count": 27}