{"alpha": 0.283926, "Network": "Packet Exchange", "solve_time": 2.469435937702656, "node_count": 21, "edge_count": 27}