{"alpha": 0.626044, "Network": "PalmettoNet ", "solve_time": 20.48045132122934, "node_count": 45, "edge_count": 70}