{"alpha": 0.114806, "Network": "peer1", "solve_time": 1.3764134906232357, "node_count": 16, "edge_count": 20}