{"alpha": 1.75412, "Network": "PERN", "solve_time": 67.20447156019509, "node_count": 127, "edge_count": 129}