{"alpha": 0.541974, "Network": "PIONIER", "solve_time": 9.201592830941081, "node_count": 36, "edge_count": 41}