{"alpha": 0.23952, "Network": "PIONIER", "solve_time": 11.10696417465806, "node_count": 38, "edge_count": 52}