{"alpha": 0.275012, "Network": "PsiNet", "solve_time": 2.8602169435471296, "node_count": 24, "edge_count": 25}