{"alpha": 0.280878, "Network": "Quest ", "solve_time": 3.6288020871579647, "node_count": 20, "edge_count": 31}