{"alpha": 1.143612, "Network": "Bestel ", "solve_time": 63.69562489166856, "node_count": 84, "edge_count": 101}