{"alpha": 0.184264, "Network": "RedIris", "solve_time": 2.285487612709403, "node_count": 19, "edge_count": 32}