{"alpha": 0.32153, "Network": "Renater", "solve_time": 6.6274435091763735, "node_count": 33, "edge_count": 43}