{"alpha": 0.27768, "Network": "Renater", "solve_time": 2.887349495664239, "node_count": 24, "edge_count": 27}