{"alpha": 0.29613, "Network": "Renater", "solve_time": 1.9767233468592167, "node_count": 24, "edge_count": 23}