{"alpha": 0.06142, "Network": "Renam", "solve_time": 0.11907773837447166, "node_count": 5, "edge_count": 4}