{"alpha": 0.372902, "Network": "Renater", "solve_time": 6.5374354887753725, "node_count": 33, "edge_count": 43}