{"alpha": 0.45299, "Network": "Renater", "solve_time": 12.857138564810157, "node_count": 43, "edge_count": 56}