{"alpha": 0.400092, "Network": "Renater", "solve_time": 3.671627454459667, "node_count": 30, "edge_count": 36}