{"alpha": 0.696528, "Network": "Reuna", "solve_time": 5.546218764036894, "node_count": 37, "edge_count": 36}