{"alpha": 0.241854, "Network": "RNP", "solve_time": 4.451082365587354, "node_count": 31, "edge_count": 34}