{"alpha": 0.581952, "Network": "RoEduNet", "solve_time": 12.038703415542841, "node_count": 48, "edge_count": 52}