{"alpha": 0.378102, "Network": "RoEduNet", "solve_time": 8.843977950513363, "node_count": 42, "edge_count": 50}