{"alpha": 0.463616, "Network": "Sago", "solve_time": 1.3502260576933622, "node_count": 18, "edge_count": 17}