{"alpha": 0.721778, "Network": "SANET", "solve_time": 11.423170970752835, "node_count": 43, "edge_count": 45}