{"alpha": 0.13881, "Network": "Sanren", "solve_time": 0.2422267161309719, "node_count": 7, "edge_count": 7}