{"alpha": 0.224804, "Network": "Shentel ", "solve_time": 4.396888820454478, "node_count": 28, "edge_count": 35}