{"alpha": 0.930992, "Network": "Sinet", "solve_time": 24.453504230827093, "node_count": 74, "edge_count": 76}