{"alpha": 0.146944, "Network": "Singaren", "solve_time": 0.3127896171063185, "node_count": 11, "edge_count": 10}