{"alpha": 0.288892, "Network": "SpiraLight", "solve_time": 1.2109413892030716, "node_count": 15, "edge_count": 16}