{"alpha": 0.087892, "Network": "Sprint", "solve_time": 0.9137156363576651, "node_count": 11, "edge_count": 18}