{"alpha": 0.358908, "Network": "OPTOSUNET", "solve_time": 6.392692752182484, "node_count": 26, "edge_count": 49}