{"alpha": 0.363738, "Network": "SURFNET", "solve_time": 23.356892503798008, "node_count": 50, "edge_count": 73}