{"alpha": 0.477916, "Network": "SWITCH", "solve_time": 11.956802675500512, "node_count": 42, "edge_count": 63}