{"alpha": 0.995456, "Network": "SWITCH", "solve_time": 46.86171953380108, "node_count": 74, "edge_count": 92}