{"alpha": 1.789876, "Network": "TATA", "solve_time": 443.8403470572084, "node_count": 145, "edge_count": 194}