{"alpha": 1.801124, "Network": "Tecove (level3)", "solve_time": 17.561727195978165, "node_count": 73, "edge_count": 70}