{"alpha": 0.47788, "Network": "Tinet", "solve_time": 30.312887623906136, "node_count": 53, "edge_count": 89}