{"alpha": 0.262802, "Network": "T-lex", "solve_time": 0.7025162577629089, "node_count": 12, "edge_count": 16}