{"alpha": 0.813708, "Network": "TW Telecom", "solve_time": 61.88735117577016, "node_count": 76, "edge_count": 118}