{"alpha": 0.440088, "Network": "TWAREN", "solve_time": 1.5142656601965427, "node_count": 20, "edge_count": 20}