{"alpha": 0.626196, "Network": "ULAKNET", "solve_time": 19.412209652364254, "node_count": 82, "edge_count": 82}