{"alpha": 0.459336, "Network": "Uni-C", "solve_time": 2.9658761769533157, "node_count": 25, "edge_count": 29}