{"alpha": 0.504864, "Network": "Uninett", "solve_time": 52.295990612357855, "node_count": 69, "edge_count": 98}