{"alpha": 0.627888, "Network": "Uninett", "solve_time": 55.155069740489125, "node_count": 74, "edge_count": 101}