{"alpha": 0.177656, "Network": "UniNet", "solve_time": 1.2791708111763, "node_count": 13, "edge_count": 25}