{"alpha": 0.631762, "Network": "URAN", "solve_time": 1.7560094986110926, "node_count": 24, "edge_count": 24}