{"alpha": 1.55459, "Network": "US Carrier", "solve_time": 376.32203684188426, "node_count": 158, "edge_count": 189}