{"alpha": 0.97678, "Network": "US Signal", "solve_time": 36.49386396072805, "node_count": 63, "edge_count": 79}