{"alpha": 0.533914, "Network": "UUNET", "solve_time": 22.020454220473766, "node_count": 49, "edge_count": 84}