{"alpha": 0.311492, "Network": "VinaREN", "solve_time": 2.1947964504361153, "node_count": 25, "edge_count": 26}