{"alpha": 0.261982, "Network": "Vision Net", "solve_time": 2.26061656139791, "node_count": 24, "edge_count": 23}