{"alpha": 1.206558, "Network": "Viatel", "solve_time": 89.89879572950304, "node_count": 88, "edge_count": 92}