{"alpha": 1.250512, "Network": "Viatel", "solve_time": 102.16555179283023, "node_count": 92, "edge_count": 96}