{"alpha": 0.251216, "Network": "WIDE", "solve_time": 3.985855570062995, "node_count": 30, "edge_count": 33}