{"alpha": 0.202812, "Network": "Xeex", "solve_time": 4.501139882951975, "node_count": 24, "edge_count": 34}