{"alpha": 0.60973, "Network": "Xspedius", "solve_time": 9.212636094540358, "node_count": 34, "edge_count": 49}