{"alpha": 0.425262, "Network": "YorkDataServices", "solve_time": 3.1389273703098297, "node_count": 23, "edge_count": 24}