{"alpha": 0.529708, "Network": "Zamren", "solve_time": 5.255401873961091, "node_count": 36, "edge_count": 34}